x0,x1,x2,x3,x4,x5,x6,x7,x8,x9,x10,id,y,fold
1.0,0.0,0.0,0.0,1.0,0.0,-1.6875834,-1.7690874,1.0275801,-1.0145051,1.0308764,0,0,8.0
1.0,0.0,0.0,1.0,0.0,0.0,-1.6822234,-1.7690874,-0.97316,-1.0145051,1.0308764,0,0,0.0
1.0,0.0,0.0,0.0,0.0,1.0,-1.6768634,-1.7690874,-0.97316,-1.0145051,1.0308764,0,0,6.0
1.0,0.0,0.0,0.0,0.0,1.0,-1.6715034,-1.7690874,1.0275801,-1.0145051,1.0308764,0,0,7.0
1.0,0.0,0.0,0.0,1.0,0.0,-1.6661433,-1.7690874,1.0275801,0.9857022,1.0308764,0,0,7.0
1.0,0.0,0.0,1.0,0.0,0.0,-1.6607833,-1.7690874,1.0275801,-1.0145051,-0.97004837,0,0,6.0
1.0,0.0,0.0,0.0,0.0,1.0,-1.6554233,-1.7690874,1.0275801,-1.0145051,1.0308764,0,0,6.0
1.0,0.0,0.0,0.0,0.0,1.0,-1.6500633,-1.7690874,-0.97316,-1.0145051,1.0308764,0,3,5.0
1.0,0.0,0.0,0.0,0.0,1.0,-1.6447033,-1.7690874,1.0275801,0.9857022,-0.97004837,0,2,3.0
1.0,0.0,0.0,1.0,0.0,0.0,-0.572699,-1.7690874,1.0275801,-1.0145051,-0.97004837,0,3,8.0
1.0,0.0,0.0,0.0,0.0,1.0,-0.56733894,-1.7690874,1.0275801,0.9857022,1.0308764,0,8,5.0
1.0,0.0,0.0,0.0,0.0,1.0,-0.46013853,-1.7690874,1.0275801,-1.0145051,-0.97004837,0,7,4.0
1.0,0.0,0.0,0.0,1.0,0.0,-0.36901817,-1.7690874,-0.97316,-1.0145051,-0.97004837,0,2,7.0
1.0,0.0,0.0,0.0,0.0,1.0,-0.33685803,-1.7690874,-0.97316,-1.0145051,-0.97004837,0,2,1.0
1.0,0.0,0.0,1.0,0.0,0.0,-0.30469793,-1.7690874,1.0275801,0.9857022,-0.97004837,0,10,0.0
1.0,0.0,0.0,0.0,1.0,0.0,-0.2993379,-1.7690874,-0.97316,-1.0145051,1.0308764,0,7,8.0
1.0,0.0,0.0,0.0,0.0,1.0,-0.058136936,-1.7690874,-0.97316,-1.0145051,-0.97004837,0,6,1.0
1.0,0.0,0.0,0.0,0.0,1.0,0.3277846,-1.7690874,1.0275801,0.9857022,-0.97004837,0,11,4.0
1.0,0.0,0.0,0.0,1.0,0.0,0.46178514,-1.7690874,1.0275801,0.9857022,-0.97004837,0,21,2.0
1.0,0.0,0.0,0.0,0.0,1.0,0.5636255,-1.7690874,-0.97316,0.9857022,-0.97004837,0,23,9.0
1.0,0.0,0.0,0.0,1.0,0.0,0.63866585,-1.7690874,-0.97316,0.9857022,-0.97004837,0,24,0.0
1.0,0.0,0.0,0.0,0.0,1.0,0.6547459,-1.7690874,-0.97316,0.9857022,-0.97004837,0,59,5.0
1.0,0.0,0.0,0.0,1.0,0.0,0.7297862,-1.7690874,-0.97316,0.9857022,-0.97004837,0,42,0.0
1.0,0.0,0.0,0.0,0.0,1.0,0.7512263,-1.7690874,1.0275801,0.9857022,1.0308764,0,22,4.0
1.0,0.0,0.0,0.0,0.0,1.0,0.97098714,-1.7690874,-0.97316,0.9857022,1.0308764,0,69,9.0
1.0,0.0,0.0,0.0,0.0,1.0,1.0406674,-1.7690874,-0.97316,0.9857022,-0.97004837,0,119,9.0
1.0,0.0,0.0,0.0,0.0,1.0,1.2818685,-1.7690874,-0.97316,0.9857022,1.0308764,0,104,2.0
1.0,0.0,0.0,1.0,0.0,0.0,1.3033085,-1.7690874,-0.97316,-1.0145051,-0.97004837,0,116,2.0
1.0,0.0,0.0,0.0,0.0,1.0,1.5659496,-1.7690874,1.0275801,-1.0145051,1.0308764,0,1,3.0
1.0,0.0,0.0,0.0,0.0,1.0,1.5713096,-1.7690874,1.0275801,-1.0145051,-0.97004837,0,2,3.0
1.0,0.0,0.0,0.0,0.0,1.0,1.5766696,-1.7690874,-0.97316,0.9857022,1.0308764,0,5,1.0
1.0,0.0,0.0,1.0,0.0,0.0,-1.6393433,-1.6647977,-0.97316,-1.0145051,1.0308764,1,0,4.0
1.0,0.0,0.0,0.0,1.0,0.0,-1.6339833,-1.6647977,1.0275801,-1.0145051,1.0308764,1,0,1.0
1.0,0.0,0.0,0.0,1.0,0.0,-1.6286232,-1.6647977,1.0275801,0.9857022,-0.97004837,1,0,9.0
1.0,0.0,0.0,0.0,0.0,1.0,-1.6232631,-1.6647977,1.0275801,0.9857022,1.0308764,1,1,5.0
1.0,0.0,0.0,1.0,0.0,0.0,-1.6179031,-1.6647977,-0.97316,-1.0145051,-0.97004837,1,15,1.0
1.0,0.0,0.0,0.0,0.0,1.0,-1.6125431,-1.6647977,-0.97316,0.9857022,1.0308764,1,33,7.0
1.0,0.0,0.0,0.0,0.0,1.0,-0.578059,-1.6647977,-0.97316,0.9857022,-0.97004837,1,7,2.0
1.0,0.0,0.0,1.0,0.0,0.0,0.31170455,-1.6647977,-0.97316,-1.0145051,-0.97004837,1,54,3.0
1.0,0.0,0.0,0.0,0.0,1.0,0.4028249,-1.6647977,1.0275801,0.9857022,-0.97004837,1,23,6.0
1.0,0.0,0.0,0.0,1.0,0.0,0.92274696,-1.6647977,1.0275801,0.9857022,1.0308764,1,29,0.0
1.0,0.0,0.0,1.0,0.0,0.0,1.67315,-1.6647977,-0.97316,0.9857022,1.0308764,1,26,8.0
1.0,0.0,0.0,1.0,0.0,0.0,-1.6071831,-1.5605079,-0.97316,-1.0145051,1.0308764,2,0,5.0
1.0,0.0,0.0,0.0,0.0,1.0,-1.6018231,-1.5605079,-0.97316,-1.0145051,1.0308764,2,0,4.0
1.0,0.0,0.0,0.0,0.0,1.0,-1.5964631,-1.5605079,1.0275801,-1.0145051,1.0308764,2,0,2.0
1.0,0.0,0.0,1.0,0.0,0.0,-1.5911031,-1.5605079,1.0275801,-1.0145051,-0.97004837,2,7,3.0
1.0,0.0,0.0,0.0,0.0,1.0,-1.5857431,-1.5605079,1.0275801,0.9857022,1.0308764,2,8,1.0
1.0,0.0,0.0,1.0,0.0,0.0,-0.51373875,-1.5605079,-0.97316,-1.0145051,-0.97004837,2,1,4.0
1.0,0.0,0.0,0.0,0.0,1.0,-0.32077798,-1.5605079,1.0275801,-1.0145051,-0.97004837,2,2,6.0
1.0,0.0,0.0,0.0,0.0,1.0,0.25810432,-1.5605079,-0.97316,0.9857022,1.0308764,2,21,2.0
1.0,0.0,0.0,0.0,0.0,1.0,0.4778652,-1.5605079,-0.97316,0.9857022,-0.97004837,2,16,0.0
1.0,0.0,0.0,0.0,0.0,1.0,0.5421855,-1.5605079,1.0275801,0.9857022,-0.97004837,2,24,3.0
1.0,0.0,0.0,1.0,0.0,0.0,0.8584267,-1.5605079,1.0275801,0.9857022,-0.97004837,2,16,8.0
1.0,0.0,0.0,0.0,0.0,1.0,1.0674676,-1.5605079,1.0275801,0.9857022,1.0308764,2,52,7.0
1.0,0.0,0.0,0.0,0.0,1.0,1.3676287,-1.5605079,-0.97316,0.9857022,1.0308764,2,106,9.0
1.0,0.0,0.0,1.0,0.0,0.0,-1.5803831,-1.0390593,1.0275801,-1.0145051,1.0308764,3,0,8.0
1.0,0.0,0.0,1.0,0.0,0.0,-1.5750229,-1.0390593,-0.97316,-1.0145051,1.0308764,3,0,0.0
1.0,0.0,0.0,0.0,1.0,0.0,-1.5696629,-1.0390593,1.0275801,-1.0145051,-0.97004837,3,0,9.0
1.0,0.0,0.0,0.0,0.0,1.0,-1.5643029,-1.0390593,1.0275801,-1.0145051,1.0308764,3,0,0.0
1.0,0.0,0.0,0.0,1.0,0.0,-1.5589429,-1.0390593,-0.97316,0.9857022,-0.97004837,3,50,4.0
1.0,0.0,0.0,0.0,0.0,1.0,-0.6048591,-1.0390593,-0.97316,-1.0145051,-0.97004837,3,3,9.0
1.0,0.0,0.0,0.0,0.0,1.0,-0.45477852,-1.0390593,1.0275801,-1.0145051,1.0308764,3,3,2.0
1.0,0.0,0.0,0.0,1.0,0.0,-0.4494185,-1.0390593,-0.97316,-1.0145051,1.0308764,3,1,0.0
1.0,0.0,0.0,0.0,0.0,1.0,-0.2725378,-1.0390593,1.0275801,0.9857022,1.0308764,3,5,5.0
1.0,0.0,0.0,0.0,0.0,1.0,-0.23501764,-1.0390593,1.0275801,-1.0145051,-0.97004837,3,2,1.0
1.0,0.0,0.0,0.0,0.0,1.0,-0.17605741,-1.0390593,-0.97316,0.9857022,1.0308764,3,14,7.0
1.0,0.0,0.0,0.0,1.0,0.0,-0.090297066,-1.0390593,-0.97316,-1.0145051,-0.97004837,3,16,9.0
1.0,0.0,0.0,0.0,0.0,1.0,-0.074217,-1.0390593,-0.97316,-1.0145051,1.0308764,3,3,3.0
1.0,0.0,0.0,0.0,0.0,1.0,0.054423515,-1.0390593,1.0275801,-1.0145051,1.0308764,3,6,8.0
1.0,0.0,0.0,0.0,0.0,1.0,0.15626392,-1.0390593,-0.97316,0.9857022,1.0308764,3,52,4.0
1.0,0.0,0.0,0.0,1.0,0.0,0.1991441,-1.0390593,1.0275801,-1.0145051,1.0308764,3,6,2.0
1.0,0.0,0.0,0.0,1.0,0.0,0.20450412,-1.0390593,1.0275801,0.9857022,-0.97004837,3,12,5.0
1.0,0.0,0.0,0.0,0.0,1.0,0.24738428,-1.0390593,1.0275801,-1.0145051,-0.97004837,3,14,5.0
1.0,0.0,0.0,1.0,0.0,0.0,0.26346433,-1.0390593,-0.97316,-1.0145051,-0.97004837,3,70,7.0
1.0,0.0,0.0,0.0,0.0,1.0,0.2795444,-1.0390593,-0.97316,0.9857022,-0.97004837,3,10,6.0
1.0,0.0,0.0,1.0,0.0,0.0,0.5100253,-1.0390593,-0.97316,0.9857022,-0.97004837,3,55,8.0
1.0,0.0,0.0,0.0,0.0,1.0,0.64938587,-1.0390593,1.0275801,0.9857022,1.0308764,3,13,3.0
1.0,0.0,0.0,0.0,0.0,1.0,0.7780264,-1.0390593,1.0275801,0.9857022,-0.97004837,3,27,6.0
1.0,0.0,0.0,0.0,0.0,1.0,0.7994665,-1.0390593,-0.97316,0.9857022,-0.97004837,3,90,3.0
1.0,0.0,0.0,0.0,1.0,0.0,0.8101865,-1.0390593,-0.97316,0.9857022,1.0308764,3,150,1.0
1.0,0.0,0.0,0.0,0.0,1.0,0.91202694,-1.0390593,1.0275801,0.9857022,-0.97004837,3,27,4.0
1.0,0.0,0.0,0.0,0.0,1.0,1.0353074,-1.0390593,1.0275801,0.9857022,-0.97004837,3,28,8.0
1.0,0.0,0.0,1.0,0.0,0.0,1.185388,-1.0390593,-0.97316,0.9857022,-0.97004837,3,117,6.0
1.0,0.0,0.0,0.0,1.0,0.0,1.2657883,-1.0390593,-0.97316,0.9857022,1.0308764,3,83,2.0
1.0,0.0,0.0,1.0,0.0,0.0,1.4962692,-1.0390593,1.0275801,0.9857022,-0.97004837,3,70,7.0
1.0,0.0,0.0,0.0,1.0,0.0,1.5123494,-1.0390593,1.0275801,0.9857022,1.0308764,3,91,9.0
1.0,0.0,0.0,0.0,0.0,1.0,1.5177094,-1.0390593,-0.97316,-1.0145051,-0.97004837,3,123,7.0
1.0,0.0,0.0,0.0,0.0,1.0,1.7321101,-1.0390593,1.0275801,0.9857022,1.0308764,3,5,1.0
1.0,0.0,0.0,0.0,0.0,1.0,1.7428303,-1.0390593,-0.97316,-1.0145051,1.0308764,3,40,5.0
1.0,0.0,0.0,1.0,0.0,0.0,1.7481903,-1.0390593,1.0275801,-1.0145051,1.0308764,3,72,6.0
1.0,0.0,0.0,0.0,1.0,0.0,-1.5535829,-0.93476963,1.0275801,-1.0145051,-0.97004837,4,0,8.0
1.0,0.0,0.0,1.0,0.0,0.0,-1.5482229,-0.93476963,-0.97316,-1.0145051,-0.97004837,4,1,6.0
1.0,0.0,0.0,0.0,0.0,1.0,-1.5428629,-0.93476963,-0.97316,0.9857022,1.0308764,4,85,0.0
1.0,0.0,0.0,0.0,0.0,1.0,-1.5375029,-0.93476963,1.0275801,0.9857022,-0.97004837,4,8,3.0
1.0,0.0,0.0,1.0,0.0,0.0,-1.5321428,-0.93476963,-0.97316,-1.0145051,1.0308764,4,8,7.0
1.0,0.0,0.0,0.0,0.0,1.0,-1.5267828,-0.93476963,-0.97316,0.9857022,-0.97004837,4,79,3.0
1.0,0.0,0.0,0.0,0.0,1.0,-1.5214227,-0.93476963,-0.97316,0.9857022,1.0308764,4,94,6.0
1.0,0.0,0.0,0.0,0.0,1.0,-1.5160627,-0.93476963,1.0275801,0.9857022,-0.97004837,4,26,9.0
1.0,0.0,0.0,1.0,0.0,0.0,-1.5107027,-0.93476963,-0.97316,-1.0145051,-0.97004837,4,41,8.0
1.0,0.0,0.0,1.0,0.0,0.0,-1.5053427,-0.93476963,-0.97316,0.9857022,1.0308764,4,104,4.0
1.0,0.0,0.0,0.0,0.0,1.0,-1.4999827,-0.93476963,-0.97316,0.9857022,-0.97004837,4,41,1.0
1.0,0.0,0.0,0.0,0.0,1.0,-0.56197894,-0.93476963,1.0275801,-1.0145051,-0.97004837,4,4,0.0
1.0,0.0,0.0,0.0,0.0,1.0,-0.5566189,-0.93476963,-0.97316,-1.0145051,1.0308764,4,2,4.0
1.0,0.0,0.0,0.0,1.0,0.0,-0.40653834,-0.93476963,-0.97316,0.9857022,-0.97004837,4,2,5.0
1.0,0.0,0.0,0.0,0.0,1.0,-0.36365816,-0.93476963,1.0275801,-1.0145051,1.0308764,4,4,0.0
1.0,0.0,0.0,0.0,0.0,1.0,-0.14389728,-0.93476963,1.0275801,-1.0145051,1.0308764,4,5,9.0
1.0,0.0,0.0,0.0,1.0,0.0,-0.052776914,-0.93476963,1.0275801,-1.0145051,1.0308764,4,13,7.0
1.0,0.0,0.0,0.0,0.0,1.0,-0.004536722,-0.93476963,1.0275801,0.9857022,1.0308764,4,3,2.0
1.0,0.0,0.0,0.0,1.0,0.0,0.0061833207,-0.93476963,1.0275801,0.9857022,1.0308764,4,7,1.0
1.0,0.0,0.0,0.0,0.0,1.0,0.3224246,-0.93476963,-0.97316,-1.0145051,1.0308764,4,24,2.0
1.0,0.0,0.0,0.0,0.0,1.0,0.41890496,-0.93476963,1.0275801,-1.0145051,-0.97004837,4,10,3.0
1.0,0.0,0.0,0.0,0.0,1.0,0.6225858,-0.93476963,-0.97316,-1.0145051,-0.97004837,4,26,5.0
1.0,0.0,0.0,0.0,0.0,1.0,0.7565863,-0.93476963,1.0275801,0.9857022,1.0308764,4,22,2.0
1.0,0.0,0.0,0.0,0.0,1.0,0.88522685,-0.93476963,1.0275801,-1.0145051,-0.97004837,4,70,5.0
1.0,0.0,0.0,1.0,0.0,0.0,1.0138674,-0.93476963,-0.97316,-1.0145051,-0.97004837,4,21,4.0
1.0,0.0,0.0,0.0,0.0,1.0,1.2872285,-0.93476963,-0.97316,-1.0145051,1.0308764,4,58,1.0
0.0,0.0,1.0,0.0,0.0,1.0,-1.4946227,-0.8304799,1.0275801,0.9857022,-0.97004837,5,129,0.0
0.0,0.0,1.0,0.0,0.0,1.0,-1.4892627,-0.8304799,-0.97316,-1.0145051,1.0308764,5,14,5.0
0.0,0.0,1.0,0.0,1.0,0.0,-1.4839026,-0.8304799,-0.97316,-1.0145051,1.0308764,5,89,7.0
0.0,0.0,1.0,0.0,0.0,1.0,-0.4762186,-0.8304799,1.0275801,-1.0145051,1.0308764,5,2,6.0
0.0,0.0,1.0,0.0,1.0,0.0,-0.4011783,-0.8304799,1.0275801,-1.0145051,-0.97004837,5,1,3.0
0.0,0.0,1.0,0.0,0.0,1.0,-0.31541798,-0.8304799,-0.97316,-1.0145051,1.0308764,5,1,6.0
0.0,0.0,1.0,1.0,0.0,0.0,-0.2939779,-0.8304799,-0.97316,-1.0145051,-0.97004837,5,3,2.0
0.0,0.0,1.0,0.0,1.0,0.0,-0.26181775,-0.8304799,1.0275801,-1.0145051,1.0308764,5,11,1.0
0.0,0.0,1.0,0.0,0.0,1.0,-0.22965762,-0.8304799,1.0275801,-1.0145051,1.0308764,5,3,1.0
0.0,0.0,1.0,0.0,0.0,1.0,-0.106377125,-0.8304799,1.0275801,-1.0145051,-0.97004837,5,3,1.0
0.0,0.0,1.0,0.0,0.0,1.0,-0.03133683,-0.8304799,-0.97316,0.9857022,1.0308764,5,10,4.0
0.0,0.0,1.0,0.0,0.0,1.0,-0.025976807,-0.8304799,1.0275801,0.9857022,-0.97004837,5,3,0.0
0.0,0.0,1.0,1.0,0.0,0.0,0.027623406,-0.8304799,1.0275801,-1.0145051,-0.97004837,5,7,7.0
0.0,0.0,1.0,0.0,0.0,1.0,0.049063493,-0.8304799,1.0275801,-1.0145051,-0.97004837,5,3,5.0
0.0,0.0,1.0,0.0,0.0,1.0,0.086583644,-0.8304799,1.0275801,0.9857022,1.0308764,5,5,5.0
0.0,0.0,1.0,0.0,1.0,0.0,0.13482383,-0.8304799,-0.97316,-1.0145051,1.0308764,5,6,3.0
0.0,0.0,1.0,0.0,0.0,1.0,0.16698396,-0.8304799,1.0275801,-1.0145051,1.0308764,5,5,7.0
0.0,0.0,1.0,0.0,0.0,1.0,0.22594419,-0.8304799,-0.97316,-1.0145051,-0.97004837,5,6,0.0
0.0,0.0,1.0,0.0,0.0,1.0,0.25274432,-0.8304799,-0.97316,0.9857022,1.0308764,5,14,2.0
0.0,0.0,1.0,0.0,1.0,0.0,0.26882437,-0.8304799,1.0275801,-1.0145051,-0.97004837,5,7,6.0
0.0,0.0,1.0,0.0,0.0,1.0,0.38138482,-0.8304799,1.0275801,0.9857022,1.0308764,5,12,8.0
0.0,0.0,1.0,0.0,0.0,1.0,0.39210486,-0.8304799,-0.97316,-1.0145051,-0.97004837,5,131,3.0
0.0,0.0,1.0,0.0,0.0,1.0,0.44034505,-0.8304799,1.0275801,0.9857022,1.0308764,5,48,7.0
0.0,0.0,1.0,0.0,0.0,1.0,0.5582655,-0.8304799,-0.97316,0.9857022,1.0308764,5,72,9.0
0.0,0.0,1.0,0.0,1.0,0.0,0.64402586,-0.8304799,-0.97316,0.9857022,-0.97004837,5,27,9.0
0.0,0.0,1.0,0.0,0.0,1.0,0.7941065,-0.8304799,-0.97316,-1.0145051,1.0308764,5,21,3.0
0.0,0.0,1.0,0.0,0.0,1.0,0.86914676,-0.8304799,-0.97316,0.9857022,1.0308764,5,116,4.0
0.0,0.0,1.0,0.0,0.0,1.0,0.93346703,-0.8304799,-0.97316,0.9857022,-0.97004837,5,62,2.0
0.0,0.0,1.0,0.0,0.0,1.0,0.94418705,-0.8304799,-0.97316,-1.0145051,-0.97004837,5,74,4.0
0.0,0.0,1.0,0.0,1.0,0.0,0.94954705,-0.8304799,-0.97316,0.9857022,1.0308764,5,194,9.0
0.0,0.0,1.0,0.0,0.0,1.0,0.9763472,-0.8304799,-0.97316,0.9857022,-0.97004837,5,182,8.0
0.0,0.0,1.0,0.0,1.0,0.0,1.0621076,-0.8304799,-0.97316,-1.0145051,-0.97004837,5,36,6.0
0.0,0.0,1.0,0.0,0.0,1.0,1.0835476,-0.8304799,-0.97316,0.9857022,-0.97004837,5,106,2.0
0.0,0.0,1.0,0.0,1.0,0.0,1.0942676,-0.8304799,-0.97316,0.9857022,-0.97004837,5,114,0.0
0.0,0.0,1.0,1.0,0.0,0.0,1.1961081,-0.8304799,1.0275801,0.9857022,1.0308764,5,33,9.0
0.0,0.0,1.0,0.0,1.0,0.0,1.2175481,-0.8304799,-0.97316,0.9857022,-0.97004837,5,67,1.0
0.0,0.0,1.0,0.0,0.0,1.0,1.3193885,-0.8304799,1.0275801,0.9857022,-0.97004837,5,90,4.0
0.0,0.0,1.0,0.0,1.0,0.0,1.4801892,-0.8304799,1.0275801,0.9857022,-0.97004837,5,90,8.0
0.0,0.0,1.0,0.0,0.0,1.0,1.9679512,-0.8304799,-0.97316,0.9857022,-0.97004837,5,5,8.0
0.0,0.0,1.0,0.0,0.0,1.0,-1.4785426,-0.72619015,1.0275801,-1.0145051,1.0308764,6,0,9.0
0.0,0.0,1.0,0.0,1.0,0.0,-1.4731826,-0.72619015,1.0275801,-1.0145051,-0.97004837,6,8,6.0
0.0,0.0,1.0,0.0,0.0,1.0,-1.4678226,-0.72619015,1.0275801,0.9857022,1.0308764,6,12,5.0
0.0,0.0,1.0,0.0,0.0,1.0,-1.4624625,-0.72619015,1.0275801,-1.0145051,-0.97004837,6,17,0.0
0.0,0.0,1.0,0.0,1.0,0.0,-1.4571025,-0.72619015,1.0275801,0.9857022,1.0308764,6,50,8.0
0.0,0.0,1.0,0.0,0.0,1.0,-1.4517425,-0.72619015,1.0275801,0.9857022,-0.97004837,6,109,8.0
0.0,0.0,1.0,1.0,0.0,0.0,-0.5994991,-0.72619015,1.0275801,-1.0145051,-0.97004837,6,1,5.0
0.0,0.0,1.0,0.0,0.0,1.0,-0.2242976,-0.72619015,-0.97316,-1.0145051,1.0308764,6,2,3.0
0.0,0.0,1.0,0.0,0.0,1.0,-0.19749749,-0.72619015,1.0275801,-1.0145051,1.0308764,6,13,4.0
0.0,0.0,1.0,0.0,0.0,1.0,-0.15997735,-0.72619015,-0.97316,-1.0145051,-0.97004837,6,6,9.0
0.0,0.0,1.0,0.0,0.0,1.0,0.1026637,-0.72619015,-0.97316,-1.0145051,1.0308764,6,8,5.0
0.0,0.0,1.0,0.0,0.0,1.0,0.16162394,-0.72619015,-0.97316,0.9857022,-0.97004837,6,47,4.0
0.0,0.0,1.0,0.0,0.0,1.0,0.3063445,-0.72619015,1.0275801,0.9857022,1.0308764,6,6,7.0
0.0,0.0,1.0,0.0,1.0,0.0,0.424265,-0.72619015,-0.97316,-1.0145051,-0.97004837,6,22,2.0
0.0,0.0,1.0,0.0,0.0,1.0,0.6279458,-0.72619015,1.0275801,-1.0145051,1.0308764,6,11,1.0
0.0,0.0,1.0,0.0,0.0,1.0,0.68154603,-0.72619015,1.0275801,-1.0145051,-0.97004837,6,15,0.0
0.0,0.0,1.0,0.0,1.0,0.0,0.7726664,-0.72619015,-0.97316,0.9857022,1.0308764,6,39,8.0
0.0,0.0,1.0,0.0,0.0,1.0,0.90666693,-0.72619015,1.0275801,-1.0145051,-0.97004837,6,20,2.0
0.0,0.0,1.0,0.0,1.0,0.0,1.0513874,-0.72619015,-0.97316,0.9857022,-0.97004837,6,37,7.0
0.0,0.0,1.0,0.0,0.0,1.0,1.0889076,-0.72619015,-0.97316,0.9857022,-0.97004837,6,27,9.0
0.0,0.0,1.0,0.0,0.0,1.0,1.1264278,-0.72619015,1.0275801,0.9857022,-0.97004837,6,34,7.0
0.0,0.0,1.0,1.0,0.0,0.0,1.169308,-0.72619015,1.0275801,0.9857022,-0.97004837,6,23,1.0
0.0,0.0,1.0,1.0,0.0,0.0,1.3890688,-0.72619015,-0.97316,0.9857022,1.0308764,6,112,6.0
0.0,0.0,1.0,1.0,0.0,0.0,1.4051489,-0.72619015,-0.97316,-1.0145051,1.0308764,6,40,3.0
0.0,0.0,1.0,0.0,0.0,1.0,1.415869,-0.72619015,-0.97316,0.9857022,1.0308764,6,55,6.0
0.0,0.0,1.0,0.0,0.0,1.0,1.9893912,-0.72619015,1.0275801,0.9857022,1.0308764,6,103,0.0
0.0,0.0,1.0,0.0,1.0,0.0,-1.4463825,-0.62190044,-0.97316,-1.0145051,1.0308764,7,0,6.0
0.0,0.0,1.0,1.0,0.0,0.0,-1.4410224,-0.62190044,1.0275801,-1.0145051,-0.97004837,7,0,1.0
0.0,0.0,1.0,0.0,0.0,1.0,-1.4356624,-0.62190044,1.0275801,-1.0145051,1.0308764,7,8,5.0
0.0,0.0,1.0,1.0,0.0,0.0,-1.4303024,-0.62190044,-0.97316,0.9857022,-0.97004837,7,61,8.0
0.0,0.0,1.0,1.0,0.0,0.0,-1.4249424,-0.62190044,-0.97316,-1.0145051,-0.97004837,7,1,1.0
0.0,0.0,1.0,0.0,0.0,1.0,-1.4195824,-0.62190044,1.0275801,0.9857022,-0.97004837,7,63,7.0
0.0,0.0,1.0,0.0,0.0,1.0,-1.4142224,-0.62190044,-0.97316,0.9857022,-0.97004837,7,136,3.0
0.0,0.0,1.0,0.0,1.0,0.0,-1.4088624,-0.62190044,1.0275801,0.9857022,-0.97004837,7,30,2.0
0.0,0.0,1.0,0.0,0.0,1.0,-1.4035023,-0.62190044,-0.97316,0.9857022,-0.97004837,7,140,7.0
0.0,0.0,1.0,0.0,0.0,1.0,-1.3981422,-0.62190044,-0.97316,-1.0145051,-0.97004837,7,129,0.0
0.0,0.0,1.0,0.0,1.0,0.0,-1.3927822,-0.62190044,-0.97316,0.9857022,-0.97004837,7,148,2.0
0.0,0.0,1.0,0.0,1.0,0.0,-0.583419,-0.62190044,1.0275801,0.9857022,1.0308764,7,6,0.0
0.0,0.0,1.0,0.0,0.0,1.0,-0.52445877,-0.62190044,-0.97316,-1.0145051,-0.97004837,7,9,7.0
0.0,0.0,1.0,0.0,0.0,1.0,-0.4279784,-0.62190044,-0.97316,-1.0145051,1.0308764,7,3,8.0
0.0,0.0,1.0,0.0,0.0,1.0,-0.16533737,-0.62190044,-0.97316,-1.0145051,-0.97004837,7,10,0.0
0.0,0.0,1.0,0.0,1.0,0.0,-0.13853726,-0.62190044,-0.97316,-1.0145051,-0.97004837,7,4,2.0
0.0,0.0,1.0,1.0,0.0,0.0,-0.12245719,-0.62190044,1.0275801,-1.0145051,1.0308764,7,11,4.0
0.0,0.0,1.0,0.0,0.0,1.0,-0.10101711,-0.62190044,1.0275801,-1.0145051,1.0308764,7,2,1.0
0.0,0.0,1.0,0.0,0.0,1.0,-0.09565709,-0.62190044,-0.97316,0.9857022,-0.97004837,7,68,4.0
0.0,0.0,1.0,0.0,0.0,1.0,0.108023725,-0.62190044,1.0275801,0.9857022,1.0308764,7,58,3.0
0.0,0.0,1.0,0.0,0.0,1.0,0.18842405,-0.62190044,1.0275801,-1.0145051,-0.97004837,7,29,9.0
0.0,0.0,1.0,0.0,0.0,1.0,0.31706455,-0.62190044,-0.97316,0.9857022,1.0308764,7,164,4.0
0.0,0.0,1.0,0.0,1.0,0.0,0.33314463,-0.62190044,1.0275801,0.9857022,1.0308764,7,12,3.0
0.0,0.0,1.0,0.0,0.0,1.0,0.33850464,-0.62190044,1.0275801,0.9857022,1.0308764,7,11,9.0
0.0,0.0,1.0,0.0,1.0,0.0,0.45642513,-0.62190044,-0.97316,0.9857022,1.0308764,7,38,5.0
0.0,0.0,1.0,0.0,1.0,0.0,0.47250518,-0.62190044,-0.97316,-1.0145051,-0.97004837,7,32,6.0
0.0,0.0,1.0,0.0,1.0,0.0,0.48322523,-0.62190044,1.0275801,-1.0145051,1.0308764,7,21,4.0
0.0,0.0,1.0,0.0,0.0,1.0,0.5153853,-0.62190044,1.0275801,-1.0145051,-0.97004837,7,13,5.0
0.0,0.0,1.0,0.0,0.0,1.0,0.5368254,-0.62190044,-0.97316,-1.0145051,1.0308764,7,22,9.0
0.0,0.0,1.0,0.0,1.0,0.0,0.6011457,-0.62190044,-0.97316,-1.0145051,1.0308764,7,26,5.0
0.0,0.0,1.0,0.0,1.0,0.0,0.68690604,-0.62190044,-0.97316,0.9857022,1.0308764,7,52,3.0
0.0,0.0,1.0,1.0,0.0,0.0,0.8155466,-0.62190044,-0.97316,-1.0145051,1.0308764,7,69,8.0
0.0,0.0,1.0,0.0,0.0,1.0,0.8745068,-0.62190044,1.0275801,0.9857022,-0.97004837,7,98,2.0
0.0,0.0,1.0,0.0,0.0,1.0,0.89058685,-0.62190044,-0.97316,0.9857022,1.0308764,7,69,6.0
0.0,0.0,1.0,0.0,1.0,0.0,2.1126716,-0.62190044,1.0275801,-1.0145051,-0.97004837,7,6,1.0
0.0,0.0,1.0,0.0,0.0,1.0,-1.3874222,-0.5176107,1.0275801,0.9857022,1.0308764,8,0,1.0
0.0,0.0,1.0,0.0,0.0,1.0,-1.3820622,-0.5176107,1.0275801,-1.0145051,1.0308764,8,0,0.0
0.0,0.0,1.0,1.0,0.0,0.0,-1.3767022,-0.5176107,-0.97316,-1.0145051,1.0308764,8,1,7.0
0.0,0.0,1.0,0.0,0.0,1.0,-1.3713422,-0.5176107,1.0275801,-1.0145051,1.0308764,8,9,8.0
0.0,0.0,1.0,0.0,0.0,1.0,-1.3659822,-0.5176107,-0.97316,0.9857022,-0.97004837,8,57,4.0
0.0,0.0,1.0,0.0,1.0,0.0,-1.3606222,-0.5176107,1.0275801,-1.0145051,-0.97004837,8,9,6.0
0.0,0.0,1.0,1.0,0.0,0.0,-1.3552622,-0.5176107,-0.97316,0.9857022,1.0308764,8,63,3.0
0.0,0.0,1.0,0.0,1.0,0.0,-1.349902,-0.5176107,-0.97316,-1.0145051,1.0308764,8,12,6.0
0.0,0.0,1.0,0.0,1.0,0.0,-0.5512589,-0.5176107,1.0275801,-1.0145051,1.0308764,8,1,9.0
0.0,0.0,1.0,0.0,1.0,0.0,-0.51909876,-0.5176107,-0.97316,-1.0145051,-0.97004837,8,2,1.0
0.0,0.0,1.0,0.0,0.0,1.0,-0.44405848,-0.5176107,-0.97316,-1.0145051,1.0308764,8,1,8.0
0.0,0.0,1.0,1.0,0.0,0.0,-0.24573769,-0.5176107,1.0275801,0.9857022,-0.97004837,8,5,2.0
0.0,0.0,1.0,0.0,0.0,1.0,-0.21893758,-0.5176107,-0.97316,-1.0145051,-0.97004837,8,4,0.0
0.0,0.0,1.0,0.0,1.0,0.0,-0.11709717,-0.5176107,1.0275801,-1.0145051,1.0308764,8,2,9.0
0.0,0.0,1.0,0.0,1.0,0.0,-0.07957702,-0.5176107,-0.97316,-1.0145051,1.0308764,8,3,1.0
0.0,0.0,1.0,0.0,0.0,1.0,-0.063496955,-0.5176107,1.0275801,-1.0145051,-0.97004837,8,22,7.0
0.0,0.0,1.0,0.0,0.0,1.0,0.016903363,-0.5176107,1.0275801,-1.0145051,1.0308764,8,3,9.0
0.0,0.0,1.0,0.0,1.0,0.0,0.1294638,-0.5176107,1.0275801,-1.0145051,-0.97004837,8,3,7.0
0.0,0.0,1.0,0.0,1.0,0.0,0.18306403,-0.5176107,-0.97316,0.9857022,-0.97004837,8,7,7.0
0.0,0.0,1.0,0.0,1.0,0.0,0.20986414,-0.5176107,-0.97316,0.9857022,1.0308764,8,14,0.0
0.0,0.0,1.0,0.0,1.0,0.0,0.22058417,-0.5176107,-0.97316,-1.0145051,-0.97004837,8,21,7.0
0.0,0.0,1.0,0.0,0.0,1.0,0.40818492,-0.5176107,-0.97316,-1.0145051,-0.97004837,8,6,8.0
0.0,0.0,1.0,1.0,0.0,0.0,0.41354495,-0.5176107,1.0275801,0.9857022,1.0308764,8,39,6.0
0.0,0.0,1.0,0.0,0.0,1.0,0.43498504,-0.5176107,-0.97316,-1.0145051,-0.97004837,8,22,5.0
0.0,0.0,1.0,0.0,0.0,1.0,0.59042567,-0.5176107,1.0275801,-1.0145051,-0.97004837,8,20,5.0
0.0,0.0,1.0,0.0,0.0,1.0,0.6065057,-0.5176107,1.0275801,0.9857022,-0.97004837,8,21,9.0
0.0,0.0,1.0,0.0,0.0,1.0,0.63330585,-0.5176107,1.0275801,0.9857022,-0.97004837,8,12,8.0
0.0,0.0,1.0,0.0,0.0,1.0,0.7083461,-0.5176107,1.0275801,0.9857022,-0.97004837,8,41,3.0
0.0,0.0,1.0,0.0,0.0,1.0,0.7244262,-0.5176107,-0.97316,0.9857022,-0.97004837,8,19,4.0
0.0,0.0,1.0,0.0,1.0,0.0,0.7619463,-0.5176107,-0.97316,0.9857022,1.0308764,8,35,3.0
0.0,0.0,1.0,1.0,0.0,0.0,0.84234667,-0.5176107,1.0275801,-1.0145051,-0.97004837,8,20,4.0
0.0,0.0,1.0,0.0,0.0,1.0,1.2282681,-0.5176107,1.0275801,0.9857022,1.0308764,8,28,4.0
0.0,0.0,1.0,0.0,0.0,1.0,1.2389883,-0.5176107,-0.97316,0.9857022,1.0308764,8,49,8.0
0.0,0.0,1.0,0.0,0.0,1.0,1.2550683,-0.5176107,-0.97316,-1.0145051,1.0308764,8,56,1.0
0.0,0.0,1.0,0.0,0.0,1.0,1.2604283,-0.5176107,-0.97316,0.9857022,1.0308764,8,42,6.0
0.0,0.0,1.0,0.0,1.0,0.0,1.3461887,-0.5176107,1.0275801,0.9857022,1.0308764,8,67,5.0
0.0,0.0,1.0,0.0,0.0,1.0,1.3569087,-0.5176107,-0.97316,-1.0145051,-0.97004837,8,80,2.0
0.0,0.0,1.0,0.0,0.0,1.0,1.4909092,-0.5176107,-0.97316,0.9857022,-0.97004837,8,75,3.0
0.0,0.0,1.0,0.0,1.0,0.0,1.5016292,-0.5176107,1.0275801,0.9857022,-0.97004837,8,90,2.0
0.0,0.0,1.0,0.0,0.0,1.0,1.5284294,-0.5176107,-0.97316,-1.0145051,1.0308764,8,144,5.0
0.0,0.0,1.0,0.0,0.0,1.0,2.144832,-0.5176107,1.0275801,0.9857022,1.0308764,8,5,6.0
0.0,0.0,1.0,0.0,0.0,1.0,2.1501918,-0.5176107,1.0275801,-1.0145051,-0.97004837,8,5,0.0
0.0,0.0,1.0,1.0,0.0,0.0,2.155552,-0.5176107,-0.97316,0.9857022,-0.97004837,8,5,2.0
0.0,0.0,1.0,1.0,0.0,0.0,-1.344542,-0.41332102,-0.97316,-1.0145051,-0.97004837,9,4,5.0
0.0,0.0,1.0,0.0,0.0,1.0,-1.339182,-0.41332102,-0.97316,-1.0145051,1.0308764,9,2,0.0
0.0,0.0,1.0,0.0,0.0,1.0,-1.333822,-0.41332102,-0.97316,-1.0145051,1.0308764,9,46,9.0
0.0,0.0,1.0,0.0,0.0,1.0,-1.328462,-0.41332102,-0.97316,0.9857022,1.0308764,9,37,3.0
0.0,0.0,1.0,0.0,0.0,1.0,-0.46549857,-0.41332102,-0.97316,-1.0145051,-0.97004837,9,5,1.0
0.0,0.0,1.0,0.0,0.0,1.0,-0.2778978,-0.41332102,-0.97316,-1.0145051,-0.97004837,9,1,7.0
0.0,0.0,1.0,0.0,0.0,1.0,-0.24037766,-0.41332102,-0.97316,-1.0145051,-0.97004837,9,15,0.0
0.0,0.0,1.0,0.0,0.0,1.0,-0.1492573,-0.41332102,1.0275801,-1.0145051,1.0308764,9,4,8.0
0.0,0.0,1.0,0.0,0.0,1.0,-0.047416892,-0.41332102,1.0275801,0.9857022,-0.97004837,9,7,1.0
0.0,0.0,1.0,1.0,0.0,0.0,-0.042056873,-0.41332102,-0.97316,-1.0145051,1.0308764,9,16,4.0
0.0,0.0,1.0,1.0,0.0,0.0,0.0008232993,-0.41332102,1.0275801,0.9857022,1.0308764,9,12,7.0
0.0,0.0,1.0,0.0,0.0,1.0,0.03834345,-0.41332102,1.0275801,-1.0145051,-0.97004837,9,6,8.0
0.0,0.0,1.0,1.0,0.0,0.0,0.35458472,-0.41332102,1.0275801,-1.0145051,-0.97004837,9,7,2.0
0.0,0.0,1.0,0.0,0.0,1.0,0.7351462,-0.41332102,1.0275801,0.9857022,1.0308764,9,82,3.0
0.0,0.0,1.0,0.0,1.0,0.0,0.8530667,-0.41332102,-0.97316,0.9857022,-0.97004837,9,42,9.0
0.0,0.0,1.0,0.0,0.0,1.0,0.90130687,-0.41332102,-0.97316,-1.0145051,1.0308764,9,48,4.0
0.0,0.0,1.0,0.0,0.0,1.0,1.0728276,-0.41332102,1.0275801,0.9857022,-0.97004837,9,44,6.0
0.0,0.0,1.0,0.0,0.0,1.0,1.3837088,-0.41332102,-0.97316,0.9857022,-0.97004837,9,61,6.0
0.0,0.0,1.0,0.0,0.0,1.0,1.426589,-0.41332102,-0.97316,0.9857022,-0.97004837,9,102,9.0
0.0,0.0,1.0,0.0,0.0,1.0,1.431949,-0.41332102,1.0275801,0.9857022,1.0308764,9,54,5.0
0.0,0.0,1.0,0.0,0.0,1.0,1.5337894,-0.41332102,-0.97316,0.9857022,1.0308764,9,238,0.0
0.0,0.0,1.0,0.0,0.0,1.0,1.5445094,-0.41332102,-0.97316,0.9857022,1.0308764,9,121,2.0
0.0,0.0,1.0,0.0,1.0,0.0,-1.323102,-0.3090313,1.0275801,0.9857022,1.0308764,10,12,5.0
0.0,0.0,1.0,0.0,0.0,1.0,-0.33149803,-0.3090313,1.0275801,-1.0145051,1.0308764,10,2,2.0
0.0,0.0,1.0,0.0,0.0,1.0,-0.26717776,-0.3090313,1.0275801,-1.0145051,-0.97004837,10,9,7.0
0.0,0.0,1.0,0.0,0.0,1.0,-0.19213746,-0.3090313,-0.97316,-1.0145051,1.0308764,10,5,9.0
0.0,0.0,1.0,0.0,0.0,1.0,-0.020616787,-0.3090313,-0.97316,-1.0145051,1.0308764,10,5,2.0
0.0,0.0,1.0,0.0,0.0,1.0,0.177704,-0.3090313,-0.97316,-1.0145051,-0.97004837,10,5,0.0
0.0,0.0,1.0,1.0,0.0,0.0,0.37066478,-0.3090313,1.0275801,0.9857022,1.0308764,10,12,3.0
0.0,0.0,1.0,1.0,0.0,0.0,0.7673063,-0.3090313,1.0275801,-1.0145051,1.0308764,10,15,4.0
0.0,0.0,1.0,1.0,0.0,0.0,1.2014681,-0.3090313,1.0275801,0.9857022,-0.97004837,10,36,6.0
0.0,0.0,1.0,0.0,0.0,1.0,1.442669,-0.3090313,-0.97316,0.9857022,-0.97004837,10,101,1.0
0.0,0.0,1.0,0.0,0.0,1.0,1.5391494,-0.3090313,1.0275801,0.9857022,-0.97004837,10,131,1.0
0.0,0.0,1.0,0.0,0.0,1.0,1.5552295,-0.3090313,-0.97316,0.9857022,1.0308764,10,145,8.0
0.0,0.0,1.0,0.0,0.0,1.0,0.022263385,-0.20474158,-0.97316,-1.0145051,-0.97004837,11,5,0.0
0.0,0.0,1.0,1.0,0.0,0.0,0.065143555,-0.20474158,-0.97316,-1.0145051,-0.97004837,11,32,5.0
0.0,0.0,1.0,0.0,0.0,1.0,0.08122362,-0.20474158,1.0275801,-1.0145051,1.0308764,11,6,9.0
0.0,0.0,1.0,0.0,0.0,1.0,0.38674483,-0.20474158,1.0275801,-1.0145051,1.0308764,11,17,8.0
0.0,0.0,1.0,0.0,0.0,1.0,0.48858523,-0.20474158,-0.97316,0.9857022,-0.97004837,11,60,3.0
0.0,0.0,1.0,0.0,0.0,1.0,0.5046653,-0.20474158,1.0275801,0.9857022,-0.97004837,11,34,5.0
0.0,0.0,1.0,0.0,0.0,1.0,0.83698666,-0.20474158,-0.97316,0.9857022,1.0308764,11,197,7.0
0.0,0.0,1.0,0.0,0.0,1.0,1.0996277,-0.20474158,1.0275801,0.9857022,1.0308764,11,57,4.0
0.0,0.0,1.0,1.0,0.0,0.0,1.1210678,-0.20474158,-0.97316,0.9857022,-0.97004837,11,30,4.0
0.0,0.0,1.0,0.0,0.0,1.0,1.2443483,-0.20474158,-0.97316,0.9857022,1.0308764,11,91,3.0
0.0,0.0,1.0,0.0,0.0,1.0,1.2765083,-0.20474158,1.0275801,0.9857022,1.0308764,11,46,6.0
0.0,0.0,1.0,0.0,0.0,1.0,1.3354686,-0.20474158,1.0275801,0.9857022,-0.97004837,11,73,2.0
0.0,0.0,1.0,0.0,0.0,1.0,1.448029,-0.20474158,-0.97316,-1.0145051,-0.97004837,11,77,1.0
0.0,0.0,1.0,0.0,1.0,0.0,-1.317742,-0.10045186,1.0275801,0.9857022,1.0308764,12,0,2.0
0.0,0.0,1.0,1.0,0.0,0.0,-1.312382,-0.10045186,1.0275801,0.9857022,1.0308764,12,0,6.0
0.0,0.0,1.0,0.0,0.0,1.0,-1.3070219,-0.10045186,-0.97316,-1.0145051,1.0308764,12,80,8.0
0.0,0.0,1.0,0.0,0.0,1.0,-0.47085857,-0.10045186,1.0275801,-1.0145051,-0.97004837,12,3,8.0
0.0,0.0,1.0,0.0,0.0,1.0,-0.4226184,-0.10045186,-0.97316,-1.0145051,1.0308764,12,2,9.0
0.0,0.0,1.0,0.0,1.0,0.0,-0.34757808,-0.10045186,-0.97316,-1.0145051,1.0308764,12,9,4.0
0.0,0.0,1.0,0.0,1.0,0.0,-0.34221807,-0.10045186,1.0275801,0.9857022,-0.97004837,12,3,6.0
0.0,0.0,1.0,0.0,0.0,1.0,-0.326138,-0.10045186,1.0275801,-1.0145051,1.0308764,12,2,0.0
0.0,0.0,1.0,0.0,0.0,1.0,-0.2510977,-0.10045186,1.0275801,-1.0145051,-0.97004837,12,2,1.0
0.0,0.0,1.0,0.0,0.0,1.0,-0.21357755,-0.10045186,-0.97316,-1.0145051,1.0308764,12,45,9.0
0.0,0.0,1.0,0.0,0.0,1.0,0.14554387,-0.10045186,-0.97316,-1.0145051,-0.97004837,12,5,1.0
0.0,0.0,1.0,0.0,0.0,1.0,0.29562446,-0.10045186,1.0275801,-1.0145051,-0.97004837,12,27,7.0
0.0,0.0,1.0,0.0,0.0,1.0,0.35994473,-0.10045186,1.0275801,0.9857022,-0.97004837,12,10,3.0
0.0,0.0,1.0,0.0,0.0,1.0,0.5957857,-0.10045186,-0.97316,0.9857022,1.0308764,12,69,5.0
0.0,0.0,1.0,0.0,1.0,0.0,0.61186576,-0.10045186,-0.97316,-1.0145051,-0.97004837,12,31,7.0
0.0,0.0,1.0,0.0,0.0,1.0,0.74050623,-0.10045186,1.0275801,0.9857022,1.0308764,12,47,4.0
0.0,0.0,1.0,0.0,0.0,1.0,0.91738695,-0.10045186,1.0275801,0.9857022,1.0308764,12,36,7.0
0.0,0.0,1.0,1.0,0.0,0.0,1.0245874,-0.10045186,-0.97316,0.9857022,1.0308764,12,49,0.0
0.0,0.0,1.0,0.0,0.0,1.0,1.1103477,-0.10045186,-0.97316,0.9857022,-0.97004837,12,27,6.0
0.0,0.0,1.0,1.0,0.0,0.0,1.1639479,-0.10045186,-0.97316,0.9857022,1.0308764,12,112,8.0
0.0,0.0,1.0,0.0,0.0,1.0,1.3140285,-0.10045186,-0.97316,0.9857022,-0.97004837,12,134,5.0
0.0,0.0,1.0,0.0,0.0,1.0,1.437309,-0.10045186,1.0275801,0.9857022,-0.97004837,12,69,9.0
0.0,0.0,1.0,1.0,0.0,0.0,1.453389,-0.10045186,1.0275801,0.9857022,-0.97004837,12,99,2.0
0.0,0.0,1.0,0.0,0.0,1.0,1.5605896,-0.10045186,-0.97316,0.9857022,1.0308764,12,191,3.0
0.0,0.0,1.0,0.0,1.0,0.0,-0.52981883,0.0038378616,1.0275801,-1.0145051,-0.97004837,13,2,2.0
0.0,0.0,1.0,0.0,0.0,1.0,-0.4976587,0.0038378616,1.0275801,-1.0145051,1.0308764,13,24,1.0
0.0,0.0,1.0,0.0,0.0,1.0,-0.49229866,0.0038378616,-0.97316,-1.0145051,1.0308764,13,2,8.0
0.0,0.0,1.0,0.0,0.0,1.0,-0.3958183,0.0038378616,1.0275801,-1.0145051,1.0308764,13,3,0.0
0.0,0.0,1.0,0.0,0.0,1.0,-0.13317724,0.0038378616,-0.97316,-1.0145051,-0.97004837,13,3,0.0
0.0,0.0,1.0,0.0,0.0,1.0,0.1509039,0.0038378616,1.0275801,0.9857022,1.0308764,13,7,6.0
0.0,0.0,1.0,0.0,0.0,1.0,0.24202426,0.0038378616,-0.97316,-1.0145051,1.0308764,13,9,2.0
0.0,0.0,1.0,0.0,0.0,1.0,0.46714514,0.0038378616,1.0275801,-1.0145051,-0.97004837,13,6,1.0
0.0,0.0,1.0,0.0,0.0,1.0,0.86378676,0.0038378616,-0.97316,0.9857022,-0.97004837,13,109,9.0
0.0,0.0,1.0,1.0,0.0,0.0,1.1317878,0.0038378616,-0.97316,-1.0145051,-0.97004837,13,31,5.0
0.0,0.0,1.0,0.0,0.0,1.0,1.180028,0.0038378616,-0.97316,-1.0145051,-0.97004837,13,62,3.0
0.0,0.0,1.0,0.0,0.0,1.0,1.3783488,0.0038378616,1.0275801,0.9857022,-0.97004837,13,42,3.0
0.0,0.0,1.0,0.0,0.0,1.0,1.4694692,0.0038378616,-0.97316,0.9857022,1.0308764,13,102,4.0
0.0,0.0,1.0,0.0,0.0,1.0,1.5498694,0.0038378616,-0.97316,0.9857022,-0.97004837,13,114,7.0
0.0,0.0,1.0,1.0,0.0,0.0,-1.3016618,0.10812758,-0.97316,0.9857022,1.0308764,14,8,1.0
0.0,0.0,1.0,0.0,0.0,1.0,-1.2963018,0.10812758,1.0275801,0.9857022,-0.97004837,14,17,5.0
0.0,0.0,1.0,1.0,0.0,0.0,-0.50837874,0.10812758,-0.97316,0.9857022,-0.97004837,14,2,3.0
0.0,0.0,1.0,0.0,0.0,1.0,0.032983426,0.10812758,-0.97316,-1.0145051,-0.97004837,14,8,0.0
0.0,0.0,1.0,0.0,0.0,1.0,0.14018385,0.10812758,-0.97316,-1.0145051,-0.97004837,14,10,4.0
0.0,0.0,1.0,0.0,1.0,0.0,0.28490442,0.10812758,1.0275801,-1.0145051,1.0308764,14,10,7.0
0.0,0.0,1.0,0.0,0.0,1.0,0.3009845,0.10812758,-0.97316,-1.0145051,1.0308764,14,33,5.0
0.0,0.0,1.0,0.0,0.0,1.0,0.5314654,0.10812758,-0.97316,0.9857022,1.0308764,14,30,6.0
0.0,0.0,1.0,0.0,0.0,1.0,0.9817072,0.10812758,-0.97316,0.9857022,-0.97004837,14,167,4.0
0.0,0.0,1.0,0.0,0.0,1.0,1.1157078,0.10812758,1.0275801,0.9857022,-0.97004837,14,60,8.0
0.0,0.0,1.0,0.0,1.0,0.0,1.2336283,0.10812758,1.0275801,0.9857022,1.0308764,14,89,2.0
0.0,0.0,1.0,0.0,0.0,1.0,1.3622687,0.10812758,1.0275801,0.9857022,1.0308764,14,53,6.0
0.0,0.0,1.0,0.0,0.0,1.0,1.4748292,0.10812758,1.0275801,-1.0145051,-0.97004837,14,106,9.0
0.0,0.0,1.0,0.0,1.0,0.0,-1.2909418,0.2124173,1.0275801,-1.0145051,1.0308764,15,0,2.0
0.0,0.0,1.0,1.0,0.0,0.0,-1.2855818,0.2124173,-0.97316,-1.0145051,1.0308764,15,2,3.0
0.0,0.0,1.0,0.0,0.0,1.0,-1.2802218,0.2124173,-0.97316,-1.0145051,-0.97004837,15,5,8.0
0.0,0.0,1.0,1.0,0.0,0.0,-0.11173715,0.2124173,-0.97316,-1.0145051,-0.97004837,15,10,4.0
0.0,0.0,1.0,0.0,0.0,1.0,0.23666424,0.2124173,-0.97316,0.9857022,1.0308764,15,35,8.0
0.0,0.0,1.0,0.0,0.0,1.0,0.34386468,0.2124173,1.0275801,-1.0145051,1.0308764,15,11,0.0
0.0,0.0,1.0,0.0,0.0,1.0,0.66010594,0.2124173,1.0275801,-1.0145051,-0.97004837,15,29,0.0
0.0,0.0,1.0,1.0,0.0,0.0,0.69226605,0.2124173,-0.97316,0.9857022,1.0308764,15,80,1.0
0.0,0.0,1.0,0.0,0.0,1.0,0.89594686,0.2124173,1.0275801,0.9857022,1.0308764,15,9,7.0
0.0,0.0,1.0,1.0,0.0,0.0,0.9870672,0.2124173,-0.97316,0.9857022,-0.97004837,15,80,2.0
0.0,0.0,1.0,0.0,0.0,1.0,0.99242723,0.2124173,1.0275801,0.9857022,1.0308764,15,84,9.0
0.0,0.0,1.0,0.0,0.0,1.0,1.2068281,0.2124173,1.0275801,0.9857022,-0.97004837,15,78,7.0
0.0,0.0,1.0,0.0,0.0,1.0,1.3247486,0.2124173,-0.97316,0.9857022,-0.97004837,15,187,9.0
0.0,0.0,1.0,1.0,0.0,0.0,1.3729888,0.2124173,-0.97316,0.9857022,-0.97004837,15,151,6.0
0.0,0.0,1.0,0.0,0.0,1.0,1.4641092,0.2124173,1.0275801,0.9857022,-0.97004837,15,116,5.0
0.0,0.0,1.0,1.0,0.0,0.0,1.4855492,0.2124173,1.0275801,-1.0145051,-0.97004837,15,68,1.0
0.0,0.0,1.0,0.0,0.0,1.0,-1.2748618,0.31670702,1.0275801,-1.0145051,1.0308764,16,0,1.0
0.0,0.0,1.0,0.0,1.0,0.0,-1.2695018,0.31670702,-0.97316,0.9857022,1.0308764,16,115,1.0
0.0,0.0,1.0,0.0,0.0,1.0,-1.2641418,0.31670702,-0.97316,0.9857022,1.0308764,16,117,0.0
0.0,0.0,1.0,0.0,1.0,0.0,-1.2587817,0.31670702,-0.97316,0.9857022,-0.97004837,16,4,3.0
0.0,0.0,1.0,0.0,0.0,1.0,-1.2534217,0.31670702,1.0275801,0.9857022,1.0308764,16,21,5.0
0.0,0.0,1.0,1.0,0.0,0.0,-1.2480617,0.31670702,1.0275801,0.9857022,-0.97004837,16,61,9.0
0.0,0.0,1.0,0.0,1.0,0.0,-1.2427016,0.31670702,-0.97316,0.9857022,-0.97004837,16,7,4.0
0.0,0.0,1.0,0.0,0.0,1.0,-0.5941391,0.31670702,-0.97316,-1.0145051,-0.97004837,16,1,9.0
0.0,0.0,1.0,0.0,1.0,0.0,-0.50301874,0.31670702,-0.97316,-1.0145051,-0.97004837,16,2,0.0
0.0,0.0,1.0,0.0,1.0,0.0,-0.48693866,0.31670702,-0.97316,-1.0145051,1.0308764,16,1,7.0
0.0,0.0,1.0,0.0,1.0,0.0,-0.48157862,0.31670702,1.0275801,-1.0145051,-0.97004837,16,13,7.0
0.0,0.0,1.0,1.0,0.0,0.0,-0.43333843,0.31670702,-0.97316,-1.0145051,1.0308764,16,3,1.0
0.0,0.0,1.0,0.0,0.0,1.0,-0.41189834,0.31670702,1.0275801,-1.0145051,-0.97004837,16,8,8.0
0.0,0.0,1.0,1.0,0.0,0.0,-0.39045826,0.31670702,1.0275801,0.9857022,1.0308764,16,5,5.0
0.0,0.0,1.0,0.0,0.0,1.0,-0.35829812,0.31670702,-0.97316,0.9857022,-0.97004837,16,1,2.0
0.0,0.0,1.0,0.0,1.0,0.0,-0.31005794,0.31670702,1.0275801,-1.0145051,1.0308764,16,2,2.0
0.0,0.0,1.0,1.0,0.0,0.0,-0.18677744,0.31670702,1.0275801,-1.0145051,1.0308764,16,5,3.0
0.0,0.0,1.0,0.0,0.0,1.0,-0.03669685,0.31670702,1.0275801,-1.0145051,1.0308764,16,3,3.0
0.0,0.0,1.0,0.0,0.0,1.0,0.09194366,0.31670702,-0.97316,-1.0145051,1.0308764,16,10,5.0
0.0,0.0,1.0,0.0,0.0,1.0,0.19378407,0.31670702,-0.97316,-1.0145051,1.0308764,16,25,5.0
0.0,0.0,1.0,0.0,0.0,1.0,0.29026446,0.31670702,1.0275801,-1.0145051,1.0308764,16,8,7.0
0.0,0.0,1.0,0.0,0.0,1.0,0.5261054,0.31670702,1.0275801,0.9857022,-0.97004837,16,74,6.0
0.0,0.0,1.0,0.0,0.0,1.0,0.67082596,0.31670702,1.0275801,-1.0145051,-0.97004837,16,69,3.0
0.0,0.0,1.0,0.0,0.0,1.0,0.69762605,0.31670702,1.0275801,0.9857022,1.0308764,16,67,0.0
0.0,0.0,1.0,0.0,0.0,1.0,0.71370614,0.31670702,-0.97316,-1.0145051,-0.97004837,16,32,6.0
0.0,0.0,1.0,0.0,0.0,1.0,0.7458663,0.31670702,-0.97316,0.9857022,1.0308764,16,155,8.0
0.0,0.0,1.0,0.0,0.0,1.0,0.928107,0.31670702,-0.97316,-1.0145051,-0.97004837,16,24,4.0
0.0,0.0,1.0,0.0,0.0,1.0,0.93882704,0.31670702,-0.97316,0.9857022,-0.97004837,16,147,4.0
0.0,0.0,1.0,0.0,0.0,1.0,0.9549071,0.31670702,-0.97316,-1.0145051,-0.97004837,16,36,2.0
0.0,0.0,1.0,0.0,0.0,1.0,0.96562713,0.31670702,-0.97316,0.9857022,1.0308764,16,123,6.0
0.0,0.0,1.0,0.0,1.0,0.0,0.9977873,0.31670702,1.0275801,0.9857022,1.0308764,16,145,7.0
0.0,0.0,1.0,0.0,0.0,1.0,1.0567476,0.31670702,-0.97316,0.9857022,-0.97004837,16,156,9.0
0.0,0.0,1.0,0.0,1.0,0.0,1.1425078,0.31670702,1.0275801,0.9857022,-0.97004837,16,39,8.0
0.0,0.0,1.0,0.0,0.0,1.0,1.2711483,0.31670702,1.0275801,0.9857022,-0.97004837,16,98,4.0
0.0,0.0,1.0,0.0,1.0,0.0,1.3301086,0.31670702,1.0275801,0.9857022,-0.97004837,16,64,6.0
0.0,1.0,0.0,0.0,0.0,1.0,-1.2373416,0.42099676,-0.97316,-1.0145051,1.0308764,17,0,5.0
0.0,1.0,0.0,1.0,0.0,0.0,-1.2319816,0.42099676,1.0275801,-1.0145051,-0.97004837,17,0,8.0
0.0,1.0,0.0,1.0,0.0,0.0,-1.2266216,0.42099676,-0.97316,0.9857022,1.0308764,17,1,1.0
0.0,1.0,0.0,0.0,0.0,1.0,-1.2212616,0.42099676,-0.97316,0.9857022,1.0308764,17,230,2.0
0.0,1.0,0.0,0.0,0.0,1.0,-1.2159015,0.42099676,1.0275801,0.9857022,1.0308764,17,5,0.0
0.0,1.0,0.0,0.0,1.0,0.0,-0.38509825,0.42099676,1.0275801,-1.0145051,-0.97004837,17,18,8.0
0.0,1.0,0.0,0.0,1.0,0.0,-0.28861785,0.42099676,1.0275801,-1.0145051,1.0308764,17,3,9.0
0.0,1.0,0.0,0.0,0.0,1.0,-0.015256764,0.42099676,1.0275801,-1.0145051,-0.97004837,17,5,7.0
0.0,1.0,0.0,0.0,0.0,1.0,0.11874377,0.42099676,1.0275801,-1.0145051,1.0308764,17,5,1.0
0.0,1.0,0.0,0.0,1.0,0.0,0.27418438,0.42099676,1.0275801,0.9857022,-0.97004837,17,4,0.0
0.0,1.0,0.0,0.0,1.0,0.0,0.37602478,0.42099676,1.0275801,0.9857022,1.0308764,17,11,3.0
0.0,1.0,0.0,0.0,0.0,1.0,0.429625,0.42099676,-0.97316,-1.0145051,-0.97004837,17,15,9.0
0.0,1.0,0.0,1.0,0.0,0.0,0.49394527,0.42099676,1.0275801,-1.0145051,-0.97004837,17,8,2.0
0.0,1.0,0.0,0.0,0.0,1.0,0.49930528,0.42099676,1.0275801,0.9857022,1.0308764,17,12,7.0
0.0,1.0,0.0,1.0,0.0,0.0,0.5689856,0.42099676,-0.97316,-1.0145051,1.0308764,17,13,5.0
0.0,1.0,0.0,0.0,0.0,1.0,0.5743456,0.42099676,-0.97316,-1.0145051,-0.97004837,17,10,3.0
0.0,1.0,0.0,1.0,0.0,0.0,0.71906614,0.42099676,1.0275801,0.9857022,-0.97004837,17,13,6.0
0.0,1.0,0.0,1.0,0.0,0.0,0.8262666,0.42099676,1.0275801,-1.0145051,-0.97004837,17,27,5.0
0.0,1.0,0.0,0.0,0.0,1.0,0.9602671,0.42099676,-0.97316,-1.0145051,1.0308764,17,20,4.0
0.0,1.0,0.0,0.0,0.0,1.0,1.0781876,0.42099676,-0.97316,0.9857022,1.0308764,17,54,0.0
0.0,1.0,0.0,0.0,1.0,0.0,1.1532279,0.42099676,-0.97316,-1.0145051,-0.97004837,17,79,8.0
0.0,1.0,0.0,1.0,0.0,0.0,1.1907481,0.42099676,-0.97316,-1.0145051,-0.97004837,17,31,4.0
0.0,1.0,0.0,0.0,1.0,0.0,1.3515487,0.42099676,-0.97316,0.9857022,-0.97004837,17,57,2.0
0.0,1.0,0.0,0.0,0.0,1.0,1.3944288,0.42099676,-0.97316,0.9857022,-0.97004837,17,41,3.0
0.0,1.0,0.0,0.0,0.0,1.0,1.421229,0.42099676,-0.97316,0.9857022,-0.97004837,17,83,9.0
0.0,1.0,0.0,0.0,0.0,1.0,1.5069894,0.42099676,-0.97316,0.9857022,-0.97004837,17,77,6.0
0.0,1.0,0.0,0.0,0.0,1.0,2.7451541,0.42099676,1.0275801,0.9857022,-0.97004837,17,5,4.0
0.0,1.0,0.0,0.0,1.0,0.0,2.7612343,0.42099676,-0.97316,-1.0145051,1.0308764,17,3,1.0
0.0,1.0,0.0,1.0,0.0,0.0,-1.2105415,0.6295762,1.0275801,0.9857022,1.0308764,18,0,9.0
0.0,1.0,0.0,0.0,0.0,1.0,-1.2051815,0.6295762,-0.97316,-1.0145051,1.0308764,18,0,4.0
0.0,1.0,0.0,0.0,0.0,1.0,-1.1998215,0.6295762,-0.97316,-1.0145051,-0.97004837,18,0,2.0
0.0,1.0,0.0,1.0,0.0,0.0,-1.1944615,0.6295762,-0.97316,-1.0145051,-0.97004837,18,0,7.0
0.0,1.0,0.0,0.0,1.0,0.0,-1.1891015,0.6295762,1.0275801,-1.0145051,1.0308764,18,0,0.0
0.0,1.0,0.0,0.0,0.0,1.0,-1.1837415,0.6295762,1.0275801,-1.0145051,-0.97004837,18,0,6.0
0.0,1.0,0.0,0.0,0.0,1.0,-1.1783814,0.6295762,1.0275801,-1.0145051,1.0308764,18,0,8.0
0.0,1.0,0.0,1.0,0.0,0.0,-0.53517884,0.6295762,-0.97316,-1.0145051,-0.97004837,18,4,1.0
0.0,1.0,0.0,0.0,0.0,1.0,0.36530474,0.6295762,-0.97316,0.9857022,-0.97004837,18,10,2.0
0.0,1.0,0.0,0.0,0.0,1.0,0.39746487,0.6295762,-0.97316,0.9857022,1.0308764,18,22,6.0
0.0,1.0,0.0,0.0,0.0,1.0,0.5797056,0.6295762,1.0275801,0.9857022,1.0308764,18,56,8.0
0.0,1.0,0.0,1.0,0.0,0.0,0.7887464,0.6295762,-0.97316,0.9857022,1.0308764,18,42,5.0
0.0,1.0,0.0,0.0,0.0,1.0,0.8209066,0.6295762,-0.97316,-1.0145051,1.0308764,18,27,9.0
0.0,1.0,0.0,0.0,0.0,1.0,0.8477067,0.6295762,1.0275801,-1.0145051,-0.97004837,18,31,4.0
0.0,1.0,0.0,0.0,0.0,1.0,1.1478679,0.6295762,-0.97316,0.9857022,-0.97004837,18,41,5.0
0.0,1.0,0.0,0.0,0.0,1.0,1.1585879,0.6295762,-0.97316,-1.0145051,1.0308764,18,40,3.0
0.0,1.0,0.0,0.0,0.0,1.0,1.2497083,0.6295762,-0.97316,0.9857022,-0.97004837,18,140,1.0
0.0,1.0,0.0,0.0,1.0,0.0,1.5230694,0.6295762,1.0275801,0.9857022,-0.97004837,18,105,0.0
0.0,1.0,0.0,0.0,0.0,1.0,2.8791547,0.6295762,1.0275801,0.9857022,-0.97004837,18,5,7.0
0.0,1.0,0.0,0.0,1.0,0.0,2.8845148,0.6295762,1.0275801,0.9857022,1.0308764,18,5,3.0
0.0,1.0,0.0,0.0,1.0,0.0,-1.1730214,0.7338659,-0.97316,-1.0145051,1.0308764,19,0,5.0
0.0,1.0,0.0,0.0,0.0,1.0,-1.1676613,0.7338659,1.0275801,-1.0145051,-0.97004837,19,0,6.0
0.0,1.0,0.0,0.0,0.0,1.0,-1.1623013,0.7338659,-0.97316,0.9857022,1.0308764,19,60,8.0
0.0,1.0,0.0,0.0,1.0,0.0,-1.1569413,0.7338659,-0.97316,-1.0145051,-0.97004837,19,9,1.0
0.0,1.0,0.0,0.0,0.0,1.0,-0.25645772,0.7338659,1.0275801,-1.0145051,-0.97004837,19,3,0.0
0.0,1.0,0.0,0.0,0.0,1.0,-0.20821753,0.7338659,-0.97316,-1.0145051,-0.97004837,19,3,3.0
0.0,1.0,0.0,0.0,0.0,1.0,-0.18141742,0.7338659,-0.97316,0.9857022,1.0308764,19,33,2.0
0.0,1.0,0.0,0.0,0.0,1.0,-0.17069739,0.7338659,1.0275801,-1.0145051,-0.97004837,19,10,6.0
0.0,1.0,0.0,1.0,0.0,0.0,0.07050358,0.7338659,1.0275801,0.9857022,1.0308764,19,14,7.0
0.0,1.0,0.0,0.0,0.0,1.0,0.17234398,0.7338659,1.0275801,0.9857022,1.0308764,19,22,9.0
0.0,1.0,0.0,0.0,0.0,1.0,0.3492247,0.7338659,1.0275801,0.9857022,-0.97004837,19,22,9.0
0.0,1.0,0.0,0.0,0.0,1.0,0.5850656,0.7338659,-0.97316,-1.0145051,1.0308764,19,16,8.0
0.0,1.0,0.0,0.0,0.0,1.0,0.7029861,0.7338659,1.0275801,-1.0145051,1.0308764,19,23,0.0
0.0,1.0,0.0,0.0,0.0,1.0,0.8048265,0.7338659,1.0275801,0.9857022,1.0308764,19,74,1.0
0.0,1.0,0.0,1.0,0.0,0.0,1.1371478,0.7338659,-0.97316,0.9857022,-0.97004837,19,105,2.0
0.0,1.0,0.0,0.0,0.0,1.0,1.174668,0.7338659,-0.97316,-1.0145051,1.0308764,19,30,4.0
0.0,1.0,0.0,0.0,0.0,1.0,1.3408287,0.7338659,-0.97316,0.9857022,-0.97004837,19,83,3.0
0.0,1.0,0.0,0.0,0.0,1.0,1.458749,0.7338659,-0.97316,0.9857022,-0.97004837,19,107,7.0
0.0,1.0,0.0,0.0,0.0,1.0,-1.1515813,0.94244534,-0.97316,-1.0145051,1.0308764,20,0,7.0
0.0,1.0,0.0,1.0,0.0,0.0,-1.1462213,0.94244534,-0.97316,-1.0145051,-0.97004837,20,0,7.0
0.0,1.0,0.0,1.0,0.0,0.0,-1.1408613,0.94244534,-0.97316,0.9857022,1.0308764,20,0,3.0
0.0,1.0,0.0,1.0,0.0,0.0,-1.1355013,0.94244534,1.0275801,-1.0145051,1.0308764,20,0,6.0
0.0,1.0,0.0,0.0,0.0,1.0,-1.1301413,0.94244534,-0.97316,-1.0145051,1.0308764,20,6,4.0
0.0,1.0,0.0,0.0,0.0,1.0,-1.1247811,0.94244534,1.0275801,-1.0145051,1.0308764,20,5,5.0
0.0,1.0,0.0,0.0,0.0,1.0,-1.1194211,0.94244534,1.0275801,-1.0145051,-0.97004837,20,15,1.0
0.0,1.0,0.0,0.0,0.0,1.0,-0.12781721,0.94244534,1.0275801,-1.0145051,-0.97004837,20,4,5.0
0.0,1.0,0.0,0.0,0.0,1.0,-0.009896743,0.94244534,-0.97316,-1.0145051,-0.97004837,20,9,2.0
0.0,1.0,0.0,0.0,0.0,1.0,0.11338375,0.94244534,1.0275801,0.9857022,-0.97004837,20,11,0.0
0.0,1.0,0.0,0.0,0.0,1.0,0.8798668,0.94244534,1.0275801,0.9857022,1.0308764,20,35,4.0
0.0,1.0,0.0,0.0,0.0,1.0,1.1049877,0.94244534,-0.97316,0.9857022,1.0308764,20,54,6.0
0.0,1.0,0.0,0.0,0.0,1.0,1.2121881,0.94244534,-0.97316,0.9857022,-0.97004837,20,29,8.0
0.0,1.0,0.0,0.0,0.0,1.0,1.3086685,0.94244534,-0.97316,0.9857022,-0.97004837,20,69,9.0
0.0,1.0,0.0,0.0,0.0,1.0,-1.1140611,1.3596042,-0.97316,-1.0145051,-0.97004837,21,0,7.0
0.0,1.0,0.0,0.0,1.0,0.0,-1.1087011,1.3596042,1.0275801,0.9857022,1.0308764,21,0,0.0
0.0,1.0,0.0,0.0,1.0,0.0,-1.1033411,1.3596042,-0.97316,-1.0145051,1.0308764,21,0,2.0
0.0,1.0,0.0,0.0,1.0,0.0,-1.0979811,1.3596042,1.0275801,0.9857022,1.0308764,21,0,8.0
0.0,1.0,0.0,0.0,1.0,0.0,-1.0926211,1.3596042,1.0275801,-1.0145051,1.0308764,21,0,5.0
0.0,1.0,0.0,0.0,1.0,0.0,-1.0872611,1.3596042,1.0275801,-1.0145051,-0.97004837,21,0,8.0
0.0,1.0,0.0,0.0,0.0,1.0,-1.0819011,1.3596042,1.0275801,-1.0145051,1.0308764,21,0,3.0
0.0,1.0,0.0,0.0,0.0,1.0,-1.076541,1.3596042,1.0275801,-1.0145051,-0.97004837,21,0,3.0
0.0,1.0,0.0,0.0,0.0,1.0,-1.0711809,1.3596042,1.0275801,0.9857022,1.0308764,21,0,0.0
0.0,1.0,0.0,0.0,0.0,1.0,-1.0658209,1.3596042,1.0275801,-1.0145051,-0.97004837,21,0,0.0
0.0,1.0,0.0,0.0,0.0,1.0,-1.0604609,1.3596042,1.0275801,-1.0145051,1.0308764,21,0,7.0
0.0,1.0,0.0,0.0,1.0,0.0,-1.0551009,1.3596042,-0.97316,0.9857022,-0.97004837,21,0,4.0
0.0,1.0,0.0,0.0,0.0,1.0,-1.0497409,1.3596042,-0.97316,-1.0145051,-0.97004837,21,0,3.0
0.0,1.0,0.0,0.0,1.0,0.0,-1.0443809,1.3596042,-0.97316,-1.0145051,-0.97004837,21,0,0.0
0.0,1.0,0.0,0.0,1.0,0.0,-1.0390209,1.3596042,-0.97316,0.9857022,1.0308764,21,0,5.0
0.0,1.0,0.0,0.0,1.0,0.0,-1.0336608,1.3596042,-0.97316,0.9857022,-0.97004837,21,0,1.0
0.0,1.0,0.0,0.0,1.0,0.0,-1.0283008,1.3596042,-0.97316,-1.0145051,1.0308764,21,0,2.0
0.0,1.0,0.0,0.0,1.0,0.0,-1.0229408,1.3596042,-0.97316,-1.0145051,-0.97004837,21,0,7.0
0.0,1.0,0.0,0.0,0.0,1.0,-1.0175807,1.3596042,-0.97316,0.9857022,1.0308764,21,0,2.0
0.0,1.0,0.0,0.0,0.0,1.0,-1.0122207,1.3596042,-0.97316,0.9857022,-0.97004837,21,0,1.0
0.0,1.0,0.0,0.0,0.0,1.0,-1.0068607,1.3596042,-0.97316,-1.0145051,-0.97004837,21,0,9.0
0.0,1.0,0.0,0.0,0.0,1.0,-1.0015007,1.3596042,1.0275801,0.9857022,-0.97004837,21,0,1.0
0.0,1.0,0.0,0.0,1.0,0.0,-0.99614066,1.3596042,1.0275801,0.9857022,1.0308764,21,0,5.0
0.0,1.0,0.0,0.0,1.0,0.0,-0.99078065,1.3596042,1.0275801,-1.0145051,1.0308764,21,0,4.0
0.0,1.0,0.0,0.0,1.0,0.0,-0.98542064,1.3596042,1.0275801,-1.0145051,-0.97004837,21,0,6.0
0.0,1.0,0.0,0.0,1.0,0.0,-0.98006064,1.3596042,1.0275801,0.9857022,-0.97004837,21,0,1.0
0.0,1.0,0.0,0.0,1.0,0.0,-0.97470057,1.3596042,1.0275801,-1.0145051,1.0308764,21,0,9.0
0.0,1.0,0.0,0.0,1.0,0.0,-0.96934056,1.3596042,1.0275801,-1.0145051,-0.97004837,21,0,3.0
0.0,1.0,0.0,0.0,0.0,1.0,-0.96398056,1.3596042,1.0275801,-1.0145051,1.0308764,21,0,6.0
0.0,1.0,0.0,0.0,0.0,1.0,-0.95862055,1.3596042,1.0275801,0.9857022,-0.97004837,21,0,9.0
0.0,1.0,0.0,0.0,0.0,1.0,-0.9532605,1.3596042,1.0275801,0.9857022,-0.97004837,21,0,8.0
0.0,1.0,0.0,0.0,0.0,1.0,-0.9479005,1.3596042,1.0275801,0.9857022,1.0308764,21,0,9.0
0.0,1.0,0.0,0.0,0.0,1.0,-0.94254047,1.3596042,1.0275801,-1.0145051,-0.97004837,21,0,6.0
0.0,1.0,0.0,0.0,1.0,0.0,-0.93718046,1.3596042,1.0275801,0.9857022,-0.97004837,21,35,2.0
0.0,1.0,0.0,0.0,0.0,1.0,-0.9318204,1.3596042,1.0275801,0.9857022,1.0308764,21,9,0.0
0.0,1.0,0.0,0.0,1.0,0.0,-0.9264604,1.3596042,-0.97316,0.9857022,1.0308764,21,0,1.0
0.0,1.0,0.0,0.0,0.0,1.0,-0.9211004,1.3596042,-0.97316,0.9857022,1.0308764,21,0,4.0
0.0,1.0,0.0,0.0,1.0,0.0,-0.9157404,1.3596042,1.0275801,-1.0145051,1.0308764,21,0,7.0
0.0,1.0,0.0,0.0,0.0,1.0,-0.35293812,1.3596042,-0.97316,0.9857022,-0.97004837,21,11,4.0
0.0,1.0,0.0,0.0,0.0,1.0,-0.15461732,1.3596042,-0.97316,-1.0145051,1.0308764,21,4,9.0
0.0,1.0,0.0,0.0,1.0,0.0,-0.06885698,1.3596042,1.0275801,0.9857022,1.0308764,21,9,2.0
0.0,1.0,0.0,1.0,0.0,0.0,0.4457051,1.3596042,-0.97316,0.9857022,1.0308764,21,42,6.0
0.0,1.0,0.0,0.0,1.0,0.0,1.0085074,1.3596042,-0.97316,0.9857022,-0.97004837,21,36,5.0
0.0,1.0,0.0,0.0,0.0,1.0,1.0460274,1.3596042,-0.97316,0.9857022,-0.97004837,21,20,8.0
0.0,1.0,0.0,0.0,0.0,1.0,1.3997889,1.3596042,-0.97316,0.9857022,1.0308764,21,46,8.0
0.0,1.0,0.0,0.0,0.0,1.0,-0.9103803,1.4638939,1.0275801,0.9857022,1.0308764,22,0,5.0
0.0,1.0,0.0,0.0,0.0,1.0,-0.9050203,1.4638939,1.0275801,0.9857022,1.0308764,22,0,6.0
0.0,1.0,0.0,0.0,0.0,1.0,-0.8996603,1.4638939,1.0275801,-1.0145051,-0.97004837,22,0,6.0
0.0,1.0,0.0,0.0,0.0,1.0,-0.8943003,1.4638939,1.0275801,-1.0145051,1.0308764,22,0,9.0
0.0,1.0,0.0,0.0,1.0,0.0,-0.8889403,1.4638939,1.0275801,0.9857022,1.0308764,22,0,5.0
0.0,1.0,0.0,0.0,1.0,0.0,-0.8835802,1.4638939,1.0275801,-1.0145051,-0.97004837,22,0,1.0
0.0,1.0,0.0,0.0,0.0,1.0,-0.8782202,1.4638939,1.0275801,0.9857022,1.0308764,22,0,7.0
0.0,1.0,0.0,0.0,0.0,1.0,-0.8728602,1.4638939,1.0275801,-1.0145051,1.0308764,22,0,4.0
0.0,1.0,0.0,0.0,0.0,1.0,-0.8675002,1.4638939,-0.97316,-1.0145051,1.0308764,22,0,9.0
0.0,1.0,0.0,0.0,1.0,0.0,-0.8621401,1.4638939,1.0275801,-1.0145051,-0.97004837,22,0,2.0
0.0,1.0,0.0,1.0,0.0,0.0,-0.8567801,1.4638939,1.0275801,-1.0145051,1.0308764,22,0,1.0
0.0,1.0,0.0,0.0,0.0,1.0,-0.8514201,1.4638939,-0.97316,0.9857022,1.0308764,22,0,5.0
0.0,1.0,0.0,0.0,0.0,1.0,-0.8460601,1.4638939,-0.97316,0.9857022,1.0308764,22,0,8.0
0.0,1.0,0.0,0.0,0.0,1.0,-0.84070003,1.4638939,-0.97316,-1.0145051,1.0308764,22,0,3.0
0.0,1.0,0.0,1.0,0.0,0.0,-0.83534,1.4638939,-0.97316,-1.0145051,-0.97004837,22,0,7.0
0.0,1.0,0.0,0.0,1.0,0.0,-0.82998,1.4638939,-0.97316,0.9857022,-0.97004837,22,0,0.0
0.0,1.0,0.0,0.0,0.0,1.0,-0.82462,1.4638939,-0.97316,0.9857022,1.0308764,22,0,8.0
0.0,1.0,0.0,0.0,0.0,1.0,-0.81925994,1.4638939,-0.97316,0.9857022,1.0308764,22,0,9.0
0.0,1.0,0.0,0.0,0.0,1.0,-0.81389993,1.4638939,1.0275801,0.9857022,-0.97004837,22,0,7.0
0.0,1.0,0.0,0.0,0.0,1.0,-0.8085399,1.4638939,1.0275801,0.9857022,1.0308764,22,0,7.0
0.0,1.0,0.0,1.0,0.0,0.0,-0.8031799,1.4638939,1.0275801,-1.0145051,-0.97004837,22,0,3.0
0.0,1.0,0.0,0.0,0.0,1.0,-0.7978199,1.4638939,1.0275801,0.9857022,-0.97004837,22,0,0.0
0.0,1.0,0.0,0.0,1.0,0.0,-0.79245985,1.4638939,-0.97316,0.9857022,1.0308764,22,64,4.0
0.0,1.0,0.0,0.0,0.0,1.0,-0.78709984,1.4638939,-0.97316,0.9857022,1.0308764,22,1,3.0
0.0,1.0,0.0,0.0,1.0,0.0,-0.78173983,1.4638939,-0.97316,-1.0145051,1.0308764,22,4,2.0
0.0,1.0,0.0,0.0,0.0,1.0,-0.7763798,1.4638939,1.0275801,-1.0145051,-0.97004837,22,11,6.0
0.0,1.0,0.0,0.0,1.0,0.0,-0.77101976,1.4638939,1.0275801,0.9857022,-0.97004837,22,5,2.0
0.0,1.0,0.0,0.0,0.0,1.0,-0.76565975,1.4638939,-0.97316,0.9857022,-0.97004837,22,1,6.0
0.0,1.0,0.0,0.0,0.0,1.0,-0.76029974,1.4638939,-0.97316,-1.0145051,-0.97004837,22,5,9.0
0.0,1.0,0.0,0.0,1.0,0.0,-0.75493973,1.4638939,-0.97316,-1.0145051,1.0308764,22,0,0.0
0.0,1.0,0.0,0.0,1.0,0.0,-0.74957967,1.4638939,-0.97316,-1.0145051,-0.97004837,22,0,3.0
0.0,1.0,0.0,0.0,0.0,1.0,-0.54589885,1.4638939,1.0275801,0.9857022,-0.97004837,22,2,4.0
0.0,1.0,0.0,0.0,1.0,0.0,-0.43869844,1.4638939,-0.97316,-1.0145051,1.0308764,22,3,7.0
0.0,1.0,0.0,0.0,0.0,1.0,-0.20285751,1.4638939,-0.97316,-1.0145051,-0.97004837,22,5,5.0
0.0,1.0,0.0,0.0,0.0,1.0,-0.08493704,1.4638939,1.0275801,-1.0145051,-0.97004837,22,10,3.0
0.0,1.0,0.0,0.0,1.0,0.0,0.011543342,1.4638939,1.0275801,0.9857022,-0.97004837,22,10,1.0
0.0,1.0,0.0,0.0,0.0,1.0,0.059783533,1.4638939,1.0275801,0.9857022,-0.97004837,22,17,4.0
0.0,1.0,0.0,0.0,1.0,0.0,0.09730368,1.4638939,-0.97316,0.9857022,-0.97004837,22,20,8.0
0.0,1.0,0.0,0.0,1.0,0.0,0.12410379,1.4638939,1.0275801,-1.0145051,1.0308764,22,10,8.0
0.0,1.0,0.0,0.0,1.0,0.0,0.5475455,1.4638939,1.0275801,0.9857022,-0.97004837,22,13,8.0
0.0,1.0,0.0,0.0,1.0,0.0,0.5529055,1.4638939,-0.97316,-1.0145051,-0.97004837,22,12,5.0
0.0,1.0,0.0,0.0,0.0,1.0,0.7833864,1.4638939,-0.97316,0.9857022,-0.97004837,22,29,9.0
0.0,1.0,0.0,0.0,1.0,0.0,0.8316266,1.4638939,-0.97316,0.9857022,-0.97004837,22,35,2.0
0.0,1.0,0.0,0.0,0.0,1.0,1.0192274,1.4638939,-0.97316,-1.0145051,-0.97004837,22,99,4.0
0.0,1.0,0.0,0.0,0.0,1.0,1.2229081,1.4638939,-0.97316,0.9857022,1.0308764,22,66,1.0
0.0,1.0,0.0,0.0,0.0,1.0,1.4105089,1.4638939,-0.97316,0.9857022,-0.97004837,22,60,0.0
0.0,1.0,0.0,0.0,0.0,1.0,3.1417959,1.4638939,1.0275801,-1.0145051,1.0308764,22,3,6.0
0.0,1.0,0.0,0.0,1.0,0.0,-0.74421966,1.5681837,1.0275801,-1.0145051,1.0308764,23,0,4.0
0.0,1.0,0.0,0.0,0.0,1.0,-0.73885965,1.5681837,1.0275801,-1.0145051,1.0308764,23,0,1.0
0.0,1.0,0.0,0.0,0.0,1.0,-0.73349965,1.5681837,1.0275801,0.9857022,1.0308764,23,0,4.0
0.0,1.0,0.0,0.0,1.0,0.0,-0.7281396,1.5681837,1.0275801,-1.0145051,1.0308764,23,0,0.0
0.0,1.0,0.0,1.0,0.0,0.0,-0.7227796,1.5681837,1.0275801,0.9857022,-0.97004837,23,0,5.0
0.0,1.0,0.0,0.0,1.0,0.0,-0.71741956,1.5681837,1.0275801,-1.0145051,-0.97004837,23,0,7.0
0.0,1.0,0.0,0.0,0.0,1.0,-0.71205956,1.5681837,-0.97316,0.9857022,-0.97004837,23,0,7.0
0.0,1.0,0.0,0.0,0.0,1.0,-0.70669955,1.5681837,-0.97316,0.9857022,-0.97004837,23,0,1.0
0.0,1.0,0.0,0.0,1.0,0.0,-0.7013395,1.5681837,-0.97316,0.9857022,1.0308764,23,0,6.0
0.0,1.0,0.0,0.0,0.0,1.0,-0.6959795,1.5681837,1.0275801,-1.0145051,-0.97004837,23,0,5.0
0.0,1.0,0.0,0.0,0.0,1.0,-0.69061947,1.5681837,1.0275801,0.9857022,1.0308764,23,0,5.0
0.0,1.0,0.0,0.0,0.0,1.0,-0.68525946,1.5681837,1.0275801,-1.0145051,-0.97004837,23,0,2.0
0.0,1.0,0.0,0.0,0.0,1.0,-0.6798994,1.5681837,1.0275801,0.9857022,-0.97004837,23,0,6.0
0.0,1.0,0.0,0.0,1.0,0.0,-0.6745394,1.5681837,1.0275801,0.9857022,-0.97004837,23,0,3.0
0.0,1.0,0.0,0.0,1.0,0.0,-0.6691794,1.5681837,1.0275801,-1.0145051,1.0308764,23,0,6.0
0.0,1.0,0.0,0.0,1.0,0.0,-0.6638194,1.5681837,1.0275801,0.9857022,-0.97004837,23,0,2.0
0.0,1.0,0.0,0.0,1.0,0.0,-0.6584593,1.5681837,1.0275801,0.9857022,-0.97004837,23,0,3.0
0.0,1.0,0.0,0.0,0.0,1.0,-0.6530993,1.5681837,1.0275801,0.9857022,-0.97004837,23,0,8.0
0.0,1.0,0.0,0.0,0.0,1.0,-0.6477393,1.5681837,1.0275801,-1.0145051,1.0308764,23,0,4.0
0.0,1.0,0.0,0.0,0.0,1.0,-0.6423793,1.5681837,1.0275801,0.9857022,-0.97004837,23,4,1.0
0.0,1.0,0.0,0.0,0.0,1.0,-0.6370192,1.5681837,-0.97316,-1.0145051,1.0308764,23,8,4.0
0.0,1.0,0.0,0.0,1.0,0.0,-0.6316592,1.5681837,1.0275801,-1.0145051,-0.97004837,23,0,8.0
0.0,1.0,0.0,0.0,1.0,0.0,-0.6262992,1.5681837,-0.97316,-1.0145051,-0.97004837,23,0,2.0
0.0,1.0,0.0,0.0,0.0,1.0,-0.6209392,1.5681837,-0.97316,0.9857022,1.0308764,23,0,9.0
0.0,1.0,0.0,1.0,0.0,0.0,-0.6155792,1.5681837,1.0275801,0.9857022,1.0308764,23,0,2.0
0.0,1.0,0.0,0.0,1.0,0.0,-0.6102191,1.5681837,1.0275801,-1.0145051,1.0308764,23,0,9.0
0.0,1.0,0.0,0.0,1.0,0.0,-0.58877903,1.5681837,1.0275801,-1.0145051,-0.97004837,23,3,5.0
0.0,1.0,0.0,0.0,0.0,1.0,-0.54053885,1.5681837,-0.97316,-1.0145051,-0.97004837,23,2,6.0
0.0,1.0,0.0,0.0,1.0,0.0,-0.41725838,1.5681837,1.0275801,0.9857022,1.0308764,23,10,9.0
0.0,1.0,0.0,0.0,0.0,1.0,-0.3797382,1.5681837,1.0275801,-1.0145051,-0.97004837,23,9,9.0
0.0,1.0,0.0,0.0,1.0,0.0,-0.3743782,1.5681837,-0.97316,-1.0145051,1.0308764,23,9,1.0
0.0,1.0,0.0,0.0,1.0,0.0,-0.28325784,1.5681837,-0.97316,0.9857022,-0.97004837,23,21,1.0
0.0,1.0,0.0,0.0,0.0,1.0,0.04370347,1.5681837,-0.97316,0.9857022,1.0308764,23,43,8.0
0.0,1.0,0.0,0.0,0.0,1.0,0.0758636,1.5681837,1.0275801,-1.0145051,-0.97004837,23,7,2.0
0.0,1.0,0.0,0.0,1.0,0.0,0.21522415,1.5681837,-0.97316,-1.0145051,-0.97004837,23,27,3.0
0.0,1.0,0.0,0.0,1.0,0.0,0.23130421,1.5681837,1.0275801,0.9857022,1.0308764,23,25,0.0
0.0,1.0,0.0,0.0,1.0,0.0,0.4510651,1.5681837,-0.97316,-1.0145051,-0.97004837,23,18,3.0
0.0,1.0,0.0,0.0,0.0,1.0,0.5207454,1.5681837,-0.97316,0.9857022,-0.97004837,23,13,7.0
0.0,1.0,0.0,0.0,1.0,0.0,0.61722577,1.5681837,-0.97316,0.9857022,1.0308764,23,56,0.0
0.0,1.0,0.0,0.0,1.0,0.0,0.66546595,1.5681837,-0.97316,0.9857022,1.0308764,23,28,8.0
0.0,1.0,0.0,0.0,0.0,1.0,0.67618597,1.5681837,-0.97316,-1.0145051,-0.97004837,23,24,3.0
0.0,1.0,0.0,0.0,1.0,0.0,1.0031472,1.5681837,-0.97316,0.9857022,1.0308764,23,41,4.0
0.0,1.0,0.0,0.0,0.0,1.0,1.0299474,1.5681837,-0.97316,-1.0145051,1.0308764,23,33,0.0
0.0,1.0,0.0,0.0,1.0,0.0,1.2925885,1.5681837,-0.97316,0.9857022,-0.97004837,23,86,0.0
0.0,1.0,0.0,0.0,1.0,0.0,1.2979485,1.5681837,-0.97316,0.9857022,-0.97004837,23,37,7.0
