x0,x1,x2,id,y,offset,y_raw,fold
-0.93374246,0.8319197,-1.3112757,0,0.8,5,4,8.0
1.0709591,0.8319197,-1.2432969,0,0.0,5,0,5.0
-0.93374246,0.8319197,-1.1648597,0,0.4,5,2,6.0
-0.93374246,0.8319197,-1.1491723,0,0.4,5,2,6.0
-0.93374246,0.8319197,-1.1230265,0,0.4,5,2,4.0
-0.93374246,0.8319197,-1.1021099,0,0.4,5,2,1.0
-0.93374246,0.8319197,-1.0445894,0,3.6,5,18,7.0
1.0709591,-1.2020391,-0.9713813,0,0.8,5,4,3.0
-0.93374246,0.8319197,-0.92954814,0,3.6,5,18,7.0
1.0709591,-1.2020391,-0.88248587,0,0.0,5,0,1.0
1.0709591,-1.2020391,-0.82496524,0,0.0,5,0,0.0
-0.93374246,-1.2020391,-0.7726738,0,0.6,5,3,7.0
1.0709591,0.8319197,-0.7203824,0,0.0,5,0,2.0
-0.93374246,0.8319197,-0.69423664,0,0.6,5,3,6.0
-0.93374246,-1.2020391,-0.68377835,0,0.6,5,3,4.0
-0.93374246,0.8319197,-0.56350803,0,1.2,5,6,2.0
-0.93374246,-1.2020391,-0.39617538,0,0.0,5,0,8.0
1.0709591,0.8319197,-0.28636333,0,0.8,5,4,0.0
-0.93374246,0.8319197,-0.26544675,0,0.0,5,0,5.0
-0.93374246,0.8319197,-0.09288498,0,1.4,5,7,0.0
-0.93374246,0.8319197,-0.056280963,0,1.4,5,7,5.0
1.0709591,0.8319197,0.10059338,0,0.0,5,0,9.0
1.0709591,-1.2020391,0.25746772,0,3.2,5,16,9.0
1.0709591,0.8319197,0.51892495,0,1.4,5,7,3.0
-0.93374246,0.8319197,1.5438374,0,0.0,5,0,2.0
-0.93374246,-1.2020391,1.6170454,0,1.4,5,7,4.0
-0.93374246,-1.2020391,1.7059408,0,3.2,5,16,3.0
-0.93374246,0.8319197,2.1242723,0,1.0,5,5,1.0
1.0709591,-1.2020391,-1.0184436,1,0.75,4,3,6.0
1.0709591,0.8319197,-0.81450695,1,0.5,4,2,8.0
-0.93374246,0.8319197,-0.80404866,1,3.25,4,13,7.0
-0.93374246,-1.2020391,-0.79881954,1,3.25,4,13,0.0
-0.93374246,0.8319197,-0.7465281,1,5.5,4,22,3.0
1.0709591,0.8319197,-0.7308407,1,0.5,4,2,4.0
1.0709591,-1.2020391,-0.7099241,1,0.5,4,2,9.0
1.0709591,0.8319197,-0.68377835,1,0.5,4,2,2.0
-0.93374246,0.8319197,-0.67854923,1,5.5,4,22,1.0
-0.93374246,-1.2020391,-0.65763265,1,3.0,4,12,9.0
1.0709591,-1.2020391,-0.6524035,1,0.0,4,0,1.0
-0.93374246,-1.2020391,-0.6419452,1,3.0,4,12,9.0
-0.93374246,0.8319197,-0.5112166,1,3.0,4,12,5.0
1.0709591,0.8319197,-0.45892513,1,0.0,4,0,8.0
1.0709591,-1.2020391,-0.4223211,1,0.0,4,0,8.0
1.0709591,-1.2020391,-0.21315531,1,0.0,4,0,0.0
1.0709591,-1.2020391,-0.16086386,1,0.0,4,0,6.0
-0.93374246,0.8319197,0.806528,1,0.0,4,0,5.0
-0.93374246,0.8319197,0.87450683,1,0.0,4,0,2.0
1.0709591,0.8319197,1.2248596,1,0.0,4,0,7.0
1.0709591,0.8319197,1.3451298,1,0.0,4,0,3.0
-0.93374246,0.8319197,1.4601711,1,0.0,4,0,4.0
1.0709591,0.8319197,1.6850243,1,0.0,4,0,0.0
-0.93374246,-1.2020391,-1.4001712,3,1.0,3,3,8.0
-0.93374246,-1.2020391,-1.2537551,3,0.0,3,0,2.0
1.0709591,-1.2020391,-1.2014637,3,0.0,3,0,1.0
-0.93374246,-1.2020391,-1.1177974,3,3.3333333333333335,3,10,9.0
-0.93374246,-1.2020391,-1.0079854,3,6.0,3,18,3.0
-0.93374246,-1.2020391,-0.92954814,3,6.0,3,18,9.0
-0.93374246,-1.2020391,-0.8667984,3,0.0,3,0,4.0
-0.93374246,-1.2020391,-0.8406527,3,0.0,3,0,4.0
-0.93374246,-1.2020391,-0.6262578,3,0.6666666666666666,3,2,8.0
-0.93374246,-1.2020391,-0.5373623,3,0.6666666666666666,3,2,7.0
-0.93374246,-1.2020391,-0.4223211,3,1.3333333333333333,3,4,5.0
1.0709591,-1.2020391,-0.34388393,3,0.0,3,0,6.0
1.0709591,-1.2020391,-0.28636333,3,0.0,3,0,0.0
-0.93374246,-1.2020391,-0.1190307,3,1.0,3,3,0.0
-0.93374246,-1.2020391,0.01169792,3,2.3333333333333335,3,7,7.0
-0.93374246,-1.2020391,0.09013509,3,2.3333333333333335,3,7,3.0
-0.93374246,-1.2020391,0.14242654,3,4.333333333333333,3,13,1.0
-0.93374246,-1.2020391,0.27315515,3,5.333333333333333,3,16,5.0
-0.93374246,-1.2020391,0.45617524,3,4.666666666666667,3,14,2.0
1.0709591,-1.2020391,0.4980084,3,0.0,3,0,6.0
-0.93374246,-1.2020391,0.555529,3,0.0,3,0,4.0
-0.93374246,-1.2020391,0.9634023,3,0.0,3,0,8.0
1.0709591,-1.2020391,1.3189842,3,0.0,3,0,0.0
1.0709591,-1.2020391,1.3817339,3,0.0,3,0,6.0
1.0709591,-1.2020391,1.4340253,3,0.0,3,0,7.0
-0.93374246,-1.2020391,1.5176916,3,0.0,3,0,9.0
1.0709591,-1.2020391,1.5176916,3,0.0,3,0,6.0
1.0709591,-1.2020391,1.6484203,3,0.0,3,0,0.0
-0.93374246,-1.2020391,1.998773,3,0.3333333333333333,3,1,7.0
-0.93374246,-1.2020391,2.3386674,3,1.0,3,3,1.0
-0.93374246,0.8319197,-1.2537551,2,5.75,4,23,2.0
-0.93374246,0.8319197,-1.1544014,2,4.75,4,19,6.0
-0.93374246,0.8319197,-1.0968808,2,4.75,4,19,4.0
-0.93374246,0.8319197,-0.851111,2,3.5,4,14,3.0
-0.93374246,-1.2020391,-0.7831321,2,4.5,4,18,5.0
-0.93374246,0.8319197,-0.7465281,2,4.5,4,18,1.0
-0.93374246,0.8319197,-0.6157995,2,3.5,4,14,2.0
-0.93374246,0.8319197,-0.56350803,2,3.5,4,14,8.0
-0.93374246,0.8319197,-0.4903,2,1.5,4,6,5.0
-0.93374246,0.8319197,-0.4327794,2,1.5,4,6,3.0
-0.93374246,0.8319197,-0.06673925,2,3.0,4,12,4.0
-0.93374246,-1.2020391,-0.051051818,2,3.0,4,12,7.0
-0.93374246,0.8319197,0.06398937,2,3.0,4,12,9.0
1.0709591,-1.2020391,0.3254466,2,4.75,4,19,0.0
-0.93374246,0.8319197,0.38819635,2,0.0,4,0,3.0
-0.93374246,0.8319197,0.62350786,2,4.25,4,17,1.0
-0.93374246,0.8319197,0.989548,2,0.75,4,3,2.0
-0.93374246,0.8319197,1.0941309,2,2.75,4,11,8.0
-0.93374246,0.8319197,1.203943,2,0.5,4,2,5.0
1.0709591,0.8319197,1.5176916,2,1.5,4,6,9.0
1.0709591,0.8319197,-1.2589843,4,0.0,2,0,0.0
1.0709591,0.8319197,-0.81450695,4,0.0,2,0,6.0
1.0709591,-1.2020391,-0.45892513,4,0.0,2,0,3.0
1.0709591,0.8319197,-0.39094624,4,0.0,2,0,5.0
1.0709591,0.8319197,0.0012396304,4,0.0,2,0,8.0
-0.93374246,0.8319197,0.2888426,4,8.5,2,17,2.0
1.0709591,0.8319197,0.6391953,4,0.0,2,0,1.0
-0.93374246,0.8319197,0.6757993,4,2.5,2,5,9.0
-0.93374246,0.8319197,1.4497128,4,2.5,2,5,7.0
-0.93374246,0.8319197,1.857586,4,3.5,2,7,4.0
1.0709591,0.8319197,-1.0445894,5,0.6666666666666666,3,2,7.0
1.0709591,0.8319197,-0.3386548,5,3.0,3,9,0.0
-0.93374246,-1.2020391,0.20517628,5,2.3333333333333335,3,7,1.0
1.0709591,-1.2020391,0.3254466,5,0.6666666666666666,3,2,5.0
1.0709591,0.8319197,0.45617524,5,1.3333333333333333,3,4,1.0
1.0709591,0.8319197,0.665341,5,3.0,3,9,6.0
1.0709591,0.8319197,0.806528,5,1.6666666666666667,3,5,4.0
1.0709591,0.8319197,1.0313811,5,2.0,3,6,2.0
1.0709591,0.8319197,1.9203358,5,1.0,3,3,3.0
1.0709591,0.8319197,2.145189,5,2.3333333333333335,3,7,2.0
-0.93374246,-1.2020391,2.2079387,5,1.6666666666666667,3,5,8.0
1.0709591,0.8319197,2.2759178,5,6.666666666666667,3,20,9.0
-0.93374246,0.8319197,-1.4367752,6,0.8,5,4,3.0
-0.93374246,-1.2020391,-1.3635672,6,0.8,5,4,8.0
-0.93374246,0.8319197,-1.3060466,6,2.8,5,14,3.0
1.0709591,-1.2020391,-1.2014637,6,0.0,5,0,5.0
1.0709591,-1.2020391,-1.175318,6,0.0,5,0,6.0
-0.93374246,-1.2020391,-1.0759642,6,1.8,5,9,4.0
-0.93374246,0.8319197,-0.99752706,6,2.8,5,14,8.0
-0.93374246,0.8319197,-0.851111,6,1.2,5,6,7.0
1.0709591,0.8319197,-0.76221555,6,0.4,5,2,1.0
-0.93374246,0.8319197,-0.7569864,6,1.6,5,8,7.0
-0.93374246,-1.2020391,-0.55304974,6,0.4,5,2,2.0
1.0709591,0.8319197,-0.5373623,6,0.0,5,0,5.0
-0.93374246,0.8319197,-0.5216749,6,1.0,5,5,3.0
-0.93374246,-1.2020391,-0.49552915,6,1.0,5,5,6.0
1.0709591,0.8319197,-0.37002966,6,0.0,5,0,1.0
1.0709591,-1.2020391,-0.19746788,6,0.0,5,0,6.0
1.0709591,-1.2020391,-0.17132215,6,0.0,5,0,7.0
1.0709591,-1.2020391,-0.09288498,6,0.0,5,0,2.0
-0.93374246,-1.2020391,-0.056280963,6,0.0,5,0,4.0
1.0709591,-1.2020391,0.15288483,6,0.0,5,0,0.0
1.0709591,-1.2020391,0.44571695,6,0.0,5,0,9.0
-0.93374246,-1.2020391,0.44571695,6,0.2,5,1,5.0
1.0709591,0.8319197,0.7960697,6,0.0,5,0,0.0
-0.93374246,-1.2020391,0.8222154,6,1.0,5,5,5.0
-0.93374246,-1.2020391,0.9006525,6,1.0,5,5,1.0
-0.93374246,-1.2020391,1.0941309,6,0.2,5,1,6.0
-0.93374246,-1.2020391,1.4340253,6,2.0,5,10,2.0
-0.93374246,0.8319197,1.4601711,6,1.6,5,8,4.0
1.0709591,-1.2020391,1.8314403,6,0.4,5,2,9.0
-0.93374246,0.8319197,1.8785026,6,2.0,5,10,8.0
-0.93374246,0.8319197,2.0615227,6,0.4,5,2,3.0
-0.93374246,0.8319197,2.1190434,6,2.6,5,13,9.0
-0.93374246,0.8319197,2.1661055,6,2.6,5,13,0.0
-0.93374246,0.8319197,2.3491256,6,2.6,5,13,4.0
1.0709591,0.8319197,-0.78836125,7,0.0,4,0,9.0
-0.93374246,0.8319197,-0.43800855,7,0.25,4,1,8.0
1.0709591,0.8319197,-0.2602176,7,0.0,4,0,7.0
1.0709591,0.8319197,-0.23930104,7,0.0,4,0,0.0
1.0709591,0.8319197,-1.2537551,8,0.0,4,0,2.0
1.0709591,0.8319197,-1.2066928,8,0.0,4,0,4.0
-0.93374246,-1.2020391,-1.0968808,8,4.75,4,19,6.0
-0.93374246,0.8319197,-1.0864226,8,4.75,4,19,2.0
-0.93374246,0.8319197,-1.0498185,8,4.75,4,19,2.0
-0.93374246,-1.2020391,-1.0445894,8,2.0,4,8,3.0
-0.93374246,-1.2020391,-0.89294416,8,2.25,4,9,7.0
-0.93374246,0.8319197,-0.66809094,8,0.25,4,1,7.0
-0.93374246,0.8319197,-0.57919544,8,1.0,4,4,3.0
-0.93374246,0.8319197,-0.5007583,8,0.75,4,3,1.0
-0.93374246,0.8319197,-0.44846684,8,0.75,4,3,5.0
-0.93374246,0.8319197,-0.37002966,8,1.5,4,6,5.0
-0.93374246,-1.2020391,-0.35434222,8,1.5,4,6,6.0
-0.93374246,0.8319197,-0.26544675,8,1.5,4,6,4.0
1.0709591,-1.2020391,-0.09288498,8,0.0,4,0,0.0
1.0709591,-1.2020391,-0.040593527,8,0.0,4,0,4.0
1.0709591,0.8319197,-0.014447805,8,0.0,4,0,5.0
1.0709591,0.8319197,0.1842597,8,0.75,4,3,1.0
-0.93374246,0.8319197,0.26269686,8,0.0,4,0,9.0
-0.93374246,0.8319197,0.83790284,8,1.0,4,4,6.0
-0.93374246,0.8319197,0.9634023,8,1.0,4,4,3.0
-0.93374246,0.8319197,1.0209229,8,1.0,4,4,8.0
-0.93374246,0.8319197,1.1464224,8,3.5,4,14,1.0
1.0709591,0.8319197,1.2248596,8,1.25,4,5,0.0
-0.93374246,-1.2020391,1.3032967,8,2.0,4,8,9.0
-0.93374246,0.8319197,1.3712755,8,4.0,4,16,8.0
-0.93374246,0.8319197,-1.2014637,9,1.2,5,6,5.0
-0.93374246,-1.2020391,-1.0079854,9,1.8,5,9,9.0
1.0709591,0.8319197,-0.9661522,9,0.2,5,1,2.0
-0.93374246,0.8319197,-0.8772567,9,2.2,5,11,3.0
-0.93374246,0.8319197,-0.526904,9,2.2,5,11,0.0
-0.93374246,0.8319197,-0.4432377,9,2.4,5,12,8.0
-0.93374246,0.8319197,0.26269686,9,2.4,5,12,7.0
1.0709591,0.8319197,0.41957122,9,0.4,5,2,4.0
-0.93374246,-1.2020391,1.0941309,9,1.8,5,9,1.0
1.0709591,0.8319197,2.103356,9,0.0,5,0,6.0
-0.93374246,-1.2020391,-0.8406527,10,8.0,2,16,1.0
-0.93374246,-1.2020391,-0.78836125,10,8.0,2,16,8.0
1.0709591,-1.2020391,-0.5007583,10,1.5,2,3,6.0
-0.93374246,-1.2020391,-0.37002966,10,0.0,2,0,0.0
-0.93374246,-1.2020391,-0.1190307,10,0.0,2,0,9.0
-0.93374246,0.8319197,-0.108572416,10,0.0,2,0,9.0
1.0709591,0.8319197,0.027385354,10,0.0,2,0,5.0
-0.93374246,-1.2020391,0.048301935,10,2.5,2,5,8.0
1.0709591,-1.2020391,0.17903055,10,4.5,2,9,2.0
-0.93374246,-1.2020391,0.5450707,10,5.0,2,10,4.0
-0.93374246,0.8319197,0.806528,10,1.5,2,3,0.0
-0.93374246,0.8319197,1.2928385,10,0.0,2,0,7.0
1.0709591,-1.2020391,1.3817339,10,0.0,2,0,3.0
-0.93374246,0.8319197,1.4915459,10,0.0,2,0,7.0
-0.93374246,0.8319197,2.103356,10,1.0,2,2,1.0
-0.93374246,-1.2020391,-1.175318,11,3.0,2,6,9.0
-0.93374246,-1.2020391,-1.1125683,11,3.0,2,6,4.0
1.0709591,-1.2020391,-1.0864226,11,1.0,2,2,8.0
1.0709591,-1.2020391,-1.0445894,11,8.5,2,17,7.0
-0.93374246,-1.2020391,-0.9661522,11,1.5,2,3,2.0
1.0709591,-1.2020391,-0.887715,11,0.0,2,0,4.0
1.0709591,-1.2020391,-0.7726738,11,0.0,2,0,6.0
-0.93374246,-1.2020391,-0.49552915,11,0.0,2,0,3.0
1.0709591,-1.2020391,-0.41709197,11,0.0,2,0,3.0
-0.93374246,-1.2020391,0.58690387,11,0.0,2,0,2.0
-0.93374246,-1.2020391,1.057527,11,0.0,2,0,5.0
-0.93374246,-1.2020391,1.5020043,11,0.0,2,0,1.0
1.0709591,-1.2020391,1.8314403,11,0.0,2,0,0.0
1.0709591,0.8319197,-1.0968808,12,0.6,5,3,0.0
-0.93374246,-1.2020391,-0.8615693,12,1.8,5,9,9.0
1.0709591,0.8319197,-0.8354235,12,0.0,5,0,2.0
1.0709591,-1.2020391,-0.7046949,12,0.0,5,0,5.0
-0.93374246,0.8319197,0.4300295,12,2.4,5,12,8.0
1.0709591,0.8319197,0.59736216,12,0.0,5,0,7.0
-0.93374246,0.8319197,0.61304957,12,0.4,5,2,1.0
-0.93374246,-1.2020391,0.73331994,12,2.2,5,11,2.0
-0.93374246,0.8319197,0.8222154,12,1.0,5,5,1.0
-0.93374246,0.8319197,0.9424857,12,0.6,5,3,6.0
1.0709591,-1.2020391,0.9634023,12,0.0,5,0,3.0
-0.93374246,-1.2020391,1.0418395,12,0.6,5,3,9.0
-0.93374246,0.8319197,1.0836726,12,0.6,5,3,7.0
1.0709591,-1.2020391,1.1621099,12,0.0,5,0,6.0
1.0709591,0.8319197,1.423567,12,0.0,5,0,8.0
-0.93374246,-1.2020391,1.4392545,12,0.0,5,0,5.0
1.0709591,-1.2020391,1.6954826,12,0.0,5,0,0.0
1.0709591,0.8319197,2.113814,12,0.0,5,0,3.0
-0.93374246,0.8319197,2.2079387,12,0.4,5,2,4.0
1.0709591,0.8319197,-1.5570456,13,0.0,3,0,9.0
1.0709591,0.8319197,-1.5413581,13,0.0,3,0,1.0
-0.93374246,0.8319197,-1.28513,13,1.0,3,3,6.0
1.0709591,0.8319197,-1.2799009,13,0.0,3,0,3.0
1.0709591,0.8319197,-1.175318,13,3.3333333333333335,3,10,5.0
-0.93374246,0.8319197,-1.1125683,13,3.3333333333333335,3,10,4.0
-0.93374246,0.8319197,-0.887715,13,3.3333333333333335,3,10,5.0
1.0709591,0.8319197,-0.7203824,13,0.0,3,0,6.0
1.0709591,0.8319197,-0.7046949,13,0.0,3,0,2.0
1.0709591,0.8319197,-0.56350803,13,3.6666666666666665,3,11,4.0
-0.93374246,0.8319197,-0.38048795,13,0.0,3,0,0.0
1.0709591,0.8319197,-0.17132215,13,0.0,3,0,8.0
-0.93374246,0.8319197,0.9372566,13,0.0,3,0,7.0
-0.93374246,-1.2020391,1.0470686,13,0.0,3,0,7.0
-0.93374246,0.8319197,1.4078796,13,0.0,3,0,0.0
-0.93374246,0.8319197,1.4863168,13,3.6666666666666665,3,11,8.0
-0.93374246,0.8319197,1.8314403,13,2.0,3,6,9.0
1.0709591,0.8319197,-1.2537551,14,2.25,4,9,6.0
-0.93374246,-1.2020391,-1.2432969,14,5.75,4,23,5.0
-0.93374246,0.8319197,-1.0864226,14,3.75,4,15,9.0
1.0709591,0.8319197,-1.0445894,14,0.5,4,2,0.0
-0.93374246,0.8319197,-1.0184436,14,3.0,4,12,7.0
-0.93374246,0.8319197,-0.9713813,14,3.0,4,12,7.0
-0.93374246,0.8319197,-0.92954814,14,3.0,4,12,1.0
1.0709591,-1.2020391,-0.90340245,14,0.0,4,0,1.0
-0.93374246,-1.2020391,-0.7203824,14,0.0,4,0,0.0
-0.93374246,-1.2020391,-0.68377835,14,0.0,4,0,3.0
-0.93374246,-1.2020391,-0.6524035,14,3.5,4,14,2.0
-0.93374246,0.8319197,-0.6262578,14,3.5,4,14,9.0
-0.93374246,-1.2020391,-0.6053412,14,3.5,4,14,8.0
-0.93374246,0.8319197,-0.26544675,14,0.5,4,2,4.0
1.0709591,0.8319197,0.15288483,14,3.25,4,13,2.0
-0.93374246,-1.2020391,0.17903055,14,0.0,4,0,7.0
-0.93374246,-1.2020391,0.31498832,14,0.25,4,1,4.0
1.0709591,0.8319197,0.7542365,14,0.0,4,0,9.0
-0.93374246,0.8319197,0.9111108,14,1.0,4,4,5.0
-0.93374246,-1.2020391,0.96863145,14,2.0,4,8,6.0
-0.93374246,0.8319197,1.0732143,14,0.25,4,1,6.0
1.0709591,0.8319197,1.0941309,14,0.0,4,0,4.0
-0.93374246,0.8319197,1.2144012,14,1.0,4,4,3.0
1.0709591,-1.2020391,1.2562344,14,0.0,4,0,1.0
-0.93374246,-1.2020391,1.4497128,14,1.25,4,5,8.0
-0.93374246,-1.2020391,1.71117,14,2.0,4,8,2.0
1.0709591,-1.2020391,1.7634615,14,2.25,4,9,5.0
1.0709591,0.8319197,1.8314403,14,1.75,4,7,8.0
-0.93374246,0.8319197,1.9046484,14,1.75,4,7,3.0
-0.93374246,0.8319197,-1.2799009,15,4.0,4,16,6.0
-0.93374246,-1.2020391,-1.175318,15,3.25,4,13,6.0
-0.93374246,0.8319197,-1.1544014,15,3.25,4,13,1.0
-0.93374246,0.8319197,-0.92954814,15,3.75,4,15,8.0
-0.93374246,0.8319197,-0.91386074,15,3.5,4,14,1.0
-0.93374246,0.8319197,-0.8406527,15,3.5,4,14,3.0
1.0709591,-1.2020391,-0.78836125,15,1.5,4,6,3.0
-0.93374246,-1.2020391,-0.58965373,15,3.75,4,15,4.0
-0.93374246,0.8319197,-0.5739663,15,3.75,4,15,0.0
1.0709591,0.8319197,-0.55304974,15,1.5,4,6,5.0
-0.93374246,-1.2020391,-0.18700959,15,0.0,4,0,2.0
1.0709591,0.8319197,0.048301935,15,0.25,4,1,5.0
-0.93374246,-1.2020391,0.19471799,15,0.0,4,0,0.0
1.0709591,0.8319197,1.057527,15,2.25,4,9,2.0
1.0709591,0.8319197,1.135964,15,2.25,4,9,9.0
1.0709591,0.8319197,1.3346716,15,0.75,4,3,7.0
-0.93374246,0.8319197,1.998773,15,0.5,4,2,4.0
-0.93374246,0.8319197,-1.2955883,16,3.0,4,12,6.0
1.0709591,-1.2020391,-1.1648597,16,1.5,4,6,7.0
1.0709591,0.8319197,-1.1021099,16,1.5,4,6,3.0
-0.93374246,0.8319197,-1.0602767,16,3.25,4,13,3.0
-0.93374246,-1.2020391,-0.92954814,16,7.0,4,28,8.0
1.0709591,0.8319197,-0.7360698,16,0.0,4,0,0.0
-0.93374246,-1.2020391,-0.7099241,16,1.5,4,6,5.0
-0.93374246,0.8319197,-0.46938342,16,0.0,4,0,4.0
1.0709591,0.8319197,-0.27590504,16,0.75,4,3,8.0
1.0709591,-1.2020391,-0.2340719,16,0.5,4,2,7.0
-0.93374246,0.8319197,-0.18178044,16,1.0,4,4,0.0
-0.93374246,-1.2020391,-0.14517643,16,1.0,4,4,9.0
1.0709591,-1.2020391,-0.09288498,16,2.0,4,8,0.0
1.0709591,0.8319197,-0.06673925,16,2.0,4,8,5.0
-0.93374246,-1.2020391,0.19471799,16,3.25,4,13,1.0
-0.93374246,0.8319197,0.40388379,16,1.75,4,7,7.0
-0.93374246,0.8319197,0.4300295,16,1.0,4,4,3.0
1.0709591,-1.2020391,0.45617524,16,0.0,4,0,1.0
1.0709591,-1.2020391,0.48232096,16,0.0,4,0,9.0
1.0709591,0.8319197,0.5764456,16,3.0,4,12,8.0
-0.93374246,0.8319197,0.62873703,16,1.0,4,4,1.0
-0.93374246,0.8319197,0.6810285,16,4.25,4,17,2.0
1.0709591,0.8319197,0.84836113,16,1.75,4,7,4.0
-0.93374246,0.8319197,0.9267983,16,1.25,4,5,9.0
1.0709591,0.8319197,1.0470686,16,0.25,4,1,6.0
-0.93374246,0.8319197,1.3712755,16,0.0,4,0,2.0
-0.93374246,0.8319197,1.4131087,16,0.0,4,0,2.0
1.0709591,0.8319197,-1.0759642,17,1.2,5,6,0.0
-0.93374246,0.8319197,-0.9452356,17,3.0,5,15,0.0
-0.93374246,0.8319197,-0.8615693,17,3.4,5,17,1.0
-0.93374246,0.8319197,-0.7465281,17,2.0,5,10,5.0
1.0709591,-1.2020391,-0.6314869,17,0.4,5,2,7.0
-0.93374246,0.8319197,-0.6053412,17,3.0,5,15,7.0
1.0709591,0.8319197,-0.58965373,17,0.4,5,2,9.0
-0.93374246,0.8319197,-0.49552915,17,2.0,5,10,0.0
1.0709591,0.8319197,-0.37002966,17,0.0,5,0,3.0
-0.93374246,0.8319197,-0.3648005,17,1.4,5,7,8.0
-0.93374246,0.8319197,-0.35434222,17,1.4,5,7,4.0
-0.93374246,0.8319197,-0.29159248,17,1.4,5,7,3.0
-0.93374246,0.8319197,-0.23930104,17,3.0,5,15,3.0
1.0709591,0.8319197,-0.21315531,17,1.0,5,5,6.0
1.0709591,0.8319197,-0.17132215,17,1.0,5,5,2.0
-0.93374246,0.8319197,-0.14517643,17,3.0,5,15,5.0
-0.93374246,0.8319197,-0.077197544,17,3.8,5,19,7.0
1.0709591,0.8319197,-0.051051818,17,0.0,5,0,2.0
-0.93374246,0.8319197,-0.030135239,17,3.8,5,19,6.0
1.0709591,0.8319197,0.027385354,17,2.4,5,12,4.0
-0.93374246,0.8319197,0.048301935,17,2.0,5,10,4.0
1.0709591,0.8319197,0.07444766,17,2.4,5,12,0.0
-0.93374246,0.8319197,0.105822526,17,2.0,5,10,2.0
-0.93374246,0.8319197,0.14242654,17,4.0,5,20,4.0
-0.93374246,0.8319197,0.17903055,17,4.0,5,20,9.0
1.0709591,-1.2020391,0.31498832,17,1.4,5,7,6.0
1.0709591,0.8319197,0.3254466,17,1.4,5,7,1.0
1.0709591,0.8319197,0.41434208,17,4.4,5,22,8.0
1.0709591,0.8319197,0.50846666,17,4.4,5,22,1.0
-0.93374246,0.8319197,0.59736216,17,0.8,5,4,6.0
-0.93374246,-1.2020391,0.9372566,17,2.8,5,14,1.0
-0.93374246,0.8319197,1.0836726,17,0.8,5,4,7.0
1.0709591,-1.2020391,1.1255058,17,0.0,5,0,9.0
1.0709591,0.8319197,1.135964,17,0.0,5,0,3.0
-0.93374246,0.8319197,1.2928385,17,0.4,5,2,8.0
-0.93374246,0.8319197,1.3974214,17,0.0,5,0,2.0
-0.93374246,0.8319197,1.4654002,17,2.4,5,12,9.0
-0.93374246,0.8319197,1.6065872,17,0.8,5,4,5.0
1.0709591,-1.2020391,1.8523569,17,0.4,5,2,4.0
1.0709591,0.8319197,1.8941901,17,0.4,5,2,5.0
1.0709591,-1.2020391,2.145189,17,0.2,5,1,8.0
-0.93374246,-1.2020391,-1.3217341,18,0.75,4,3,0.0
1.0709591,-1.2020391,-1.3060466,18,6.0,4,24,8.0
-0.93374246,0.8319197,-1.1805471,18,6.0,4,24,6.0
-0.93374246,0.8319197,-1.175318,18,3.5,4,14,3.0
-0.93374246,0.8319197,-1.138714,18,3.5,4,14,9.0
1.0709591,0.8319197,-1.1282557,18,3.5,4,14,6.0
-0.93374246,0.8319197,-1.1230265,18,3.5,4,14,4.0
-0.93374246,-1.2020391,-1.1125683,18,3.5,4,14,8.0
-0.93374246,0.8319197,-1.0968808,18,3.5,4,14,5.0
1.0709591,0.8319197,-1.034131,18,3.5,4,14,9.0
1.0709591,0.8319197,-0.9922979,18,3.5,4,14,7.0
1.0709591,-1.2020391,-0.9556939,18,3.5,4,14,1.0
-0.93374246,0.8319197,-0.8667984,18,0.0,4,0,7.0
1.0709591,0.8319197,-0.7099241,18,0.0,4,0,2.0
-0.93374246,-1.2020391,-0.5112166,18,0.0,4,0,5.0
-0.93374246,-1.2020391,-0.5007583,18,0.0,4,0,6.0
1.0709591,0.8319197,0.49277925,18,0.75,4,3,1.0
1.0709591,0.8319197,0.5607581,18,0.0,4,0,4.0
-0.93374246,0.8319197,0.7699239,18,1.5,4,6,8.0
1.0709591,0.8319197,0.86404854,18,4.25,4,17,2.0
-0.93374246,0.8319197,1.3032967,18,1.25,4,5,7.0
1.0709591,0.8319197,1.4497128,18,0.0,4,0,5.0
1.0709591,0.8319197,1.5542957,18,0.0,4,0,3.0
-0.93374246,0.8319197,1.674566,18,0.75,4,3,0.0
1.0709591,-1.2020391,-1.5675038,19,2.2,5,11,7.0
1.0709591,-1.2020391,-1.3740255,19,3.4,5,17,9.0
1.0709591,-1.2020391,-1.2955883,19,3.4,5,17,7.0
-0.93374246,-1.2020391,-1.2432969,19,0.4,5,2,8.0
1.0709591,0.8319197,-1.2328385,19,2.4,5,12,8.0
1.0709591,-1.2020391,-1.1230265,19,2.4,5,12,1.0
1.0709591,0.8319197,-1.0602767,19,2.6,5,13,2.0
1.0709591,-1.2020391,-0.99752706,19,2.0,5,10,6.0
-0.93374246,-1.2020391,-0.94000643,19,3.2,5,16,6.0
1.0709591,0.8319197,-0.8772567,19,3.0,5,15,2.0
-0.93374246,0.8319197,-0.8667984,19,2.4,5,12,0.0
-0.93374246,0.8319197,-0.69423664,19,2.2,5,11,9.0
1.0709591,0.8319197,-0.57919544,19,0.0,5,0,3.0
1.0709591,-1.2020391,-0.57919544,19,0.0,5,0,4.0
-0.93374246,0.8319197,-0.55304974,19,1.4,5,7,5.0
-0.93374246,-1.2020391,-0.48507085,19,1.2,5,6,4.0
-0.93374246,0.8319197,-0.41709197,19,1.2,5,6,7.0
1.0709591,0.8319197,-0.3386548,19,0.0,5,0,3.0
1.0709591,-1.2020391,-0.3281965,19,0.0,5,0,9.0
-0.93374246,0.8319197,-0.29159248,19,1.0,5,5,1.0
-0.93374246,0.8319197,-0.18178044,19,1.0,5,5,8.0
-0.93374246,0.8319197,-0.10334327,19,1.4,5,7,4.0
1.0709591,-1.2020391,-0.014447805,19,0.4,5,2,8.0
1.0709591,0.8319197,0.07444766,19,6.4,5,32,0.0
-0.93374246,0.8319197,0.09013509,19,1.2,5,6,9.0
1.0709591,0.8319197,0.16857226,19,6.4,5,32,3.0
1.0709591,-1.2020391,0.21040542,19,1.0,5,5,7.0
-0.93374246,-1.2020391,0.231322,19,1.4,5,7,1.0
-0.93374246,0.8319197,0.231322,19,1.4,5,7,5.0
1.0709591,0.8319197,0.36205062,19,1.0,5,5,0.0
1.0709591,-1.2020391,0.3934255,19,0.0,5,0,9.0
-0.93374246,0.8319197,0.48232096,19,0.6,5,3,9.0
1.0709591,0.8319197,0.5241541,19,1.4,5,7,6.0
-0.93374246,-1.2020391,0.5450707,19,2.8,5,14,6.0
1.0709591,-1.2020391,0.6496536,19,1.2,5,6,1.0
1.0709591,0.8319197,0.6496536,19,1.2,5,6,2.0
-0.93374246,0.8319197,0.6496536,19,2.8,5,14,6.0
-0.93374246,0.8319197,0.665341,19,0.0,5,0,7.0
1.0709591,-1.2020391,0.70194507,19,0.0,5,0,2.0
1.0709591,0.8319197,0.7960697,19,2.6,5,13,5.0
1.0709591,-1.2020391,0.85881937,19,2.6,5,13,5.0
1.0709591,0.8319197,0.9372566,19,0.0,5,0,0.0
-0.93374246,-1.2020391,0.97908974,19,0.8,5,4,3.0
-0.93374246,0.8319197,1.0418395,19,0.8,5,4,0.0
1.0709591,0.8319197,1.0679852,19,0.0,5,0,2.0
1.0709591,0.8319197,1.1621099,19,0.0,5,0,0.0
-0.93374246,0.8319197,1.240547,19,2.0,5,10,8.0
-0.93374246,-1.2020391,1.3346716,19,2.0,5,10,4.0
-0.93374246,-1.2020391,1.6065872,19,1.2,5,6,4.0
-0.93374246,0.8319197,1.71117,19,0.4,5,2,1.0
1.0709591,-1.2020391,1.8262112,19,0.0,5,0,3.0
-0.93374246,-1.2020391,2.145189,19,0.0,5,0,5.0
1.0709591,0.8319197,-1.4001712,20,1.2,5,6,1.0
1.0709591,-1.2020391,-1.3635672,20,1.2,5,6,7.0
1.0709591,-1.2020391,-1.1230265,20,1.6,5,8,5.0
1.0709591,0.8319197,-1.1125683,20,1.6,5,8,2.0
1.0709591,-1.2020391,-1.0707351,20,1.6,5,8,3.0
-0.93374246,0.8319197,-1.034131,20,1.6,5,8,8.0
1.0709591,0.8319197,-0.9818396,20,1.4,5,7,0.0
-0.93374246,-1.2020391,-0.91386074,20,3.0,5,15,4.0
1.0709591,0.8319197,-0.90340245,20,1.6,5,8,9.0
1.0709591,-1.2020391,-0.8667984,20,1.6,5,8,1.0
1.0709591,-1.2020391,-0.7360698,20,0.0,5,0,8.0
1.0709591,0.8319197,-0.69423664,20,0.0,5,0,3.0
1.0709591,0.8319197,-0.56350803,20,0.2,5,1,0.0
1.0709591,0.8319197,-0.34388393,20,1.6,5,8,5.0
1.0709591,0.8319197,-0.21315531,20,1.0,5,5,5.0
1.0709591,0.8319197,-0.14517643,20,1.0,5,5,3.0
1.0709591,0.8319197,0.12673911,20,1.4,5,7,4.0
-0.93374246,0.8319197,0.15288483,20,2.0,5,10,7.0
-0.93374246,0.8319197,0.26269686,20,2.8,5,14,1.0
1.0709591,-1.2020391,0.30975917,20,0.0,5,0,2.0
-0.93374246,-1.2020391,0.31498832,20,2.8,5,14,9.0
1.0709591,0.8319197,0.3934255,20,0.0,5,0,6.0
1.0709591,0.8319197,0.5712164,20,0.0,5,0,2.0
1.0709591,0.8319197,0.8117571,20,0.0,5,0,6.0
1.0709591,0.8319197,1.4497128,20,0.0,5,0,4.0
-0.93374246,-1.2020391,-1.4367752,21,1.5,4,6,9.0
1.0709591,-1.2020391,-1.4106295,21,0.0,4,0,7.0
-0.93374246,0.8319197,-1.3060466,21,2.5,4,10,6.0
1.0709591,0.8319197,-1.2589843,21,4.5,4,18,1.0
1.0709591,0.8319197,-1.2432969,21,4.5,4,18,3.0
1.0709591,0.8319197,-1.1910053,21,4.5,4,18,0.0
1.0709591,0.8319197,-1.1805471,21,4.5,4,18,7.0
1.0709591,0.8319197,-1.138714,21,2.75,4,11,8.0
-0.93374246,0.8319197,-1.0759642,21,1.75,4,7,1.0
1.0709591,0.8319197,-0.9452356,21,2.75,4,11,0.0
1.0709591,0.8319197,-0.5112166,21,2.25,4,9,2.0
-0.93374246,0.8319197,-0.37002966,21,1.5,4,6,4.0
-0.93374246,0.8319197,-0.2340719,21,1.5,4,6,9.0
1.0709591,-1.2020391,0.15811397,21,0.0,4,0,5.0
1.0709591,0.8319197,0.29930088,21,0.0,4,0,6.0
-0.93374246,0.8319197,0.30975917,21,0.25,4,1,2.0
-0.93374246,-1.2020391,1.8000655,21,1.75,4,7,8.0
1.0709591,-1.2020391,-1.3740255,22,0.16666666666666666,6,1,9.0
-0.93374246,-1.2020391,-1.2171512,22,2.6666666666666665,6,16,0.0
-0.93374246,0.8319197,-1.2014637,22,2.6666666666666665,6,16,4.0
1.0709591,-1.2020391,-1.0079854,22,0.3333333333333333,6,2,4.0
1.0709591,0.8319197,-0.99752706,22,0.3333333333333333,6,2,8.0
1.0709591,-1.2020391,-0.90340245,22,4.333333333333333,6,26,8.0
1.0709591,0.8319197,-0.7360698,22,0.16666666666666666,6,1,7.0
1.0709591,0.8319197,-0.6314869,22,1.3333333333333333,6,8,1.0
1.0709591,-1.2020391,-0.6053412,22,1.3333333333333333,6,8,6.0
-0.93374246,0.8319197,-0.49552915,22,2.1666666666666665,6,13,3.0
1.0709591,0.8319197,-0.39094624,22,0.3333333333333333,6,2,8.0
-0.93374246,-1.2020391,-0.27590504,22,2.5,6,15,4.0
-0.93374246,0.8319197,-0.17132215,22,1.3333333333333333,6,8,6.0
1.0709591,-1.2020391,-0.16086386,22,0.0,6,0,3.0
1.0709591,0.8319197,-0.108572416,22,1.6666666666666667,6,10,3.0
-0.93374246,0.8319197,0.09013509,22,1.0,6,6,2.0
1.0709591,0.8319197,0.10059338,22,1.1666666666666667,6,7,0.0
1.0709591,0.8319197,0.5450707,22,0.3333333333333333,6,2,2.0
1.0709591,0.8319197,0.6496536,22,0.3333333333333333,6,2,5.0
-0.93374246,0.8319197,0.6548827,22,2.8333333333333335,6,17,7.0
1.0709591,0.8319197,0.73331994,22,1.8333333333333333,6,11,7.0
-0.93374246,0.8319197,0.8222154,22,2.1666666666666665,6,13,1.0
-0.93374246,-1.2020391,1.2248596,22,0.6666666666666666,6,4,6.0
1.0709591,0.8319197,1.2300887,22,0.0,6,0,5.0
1.0709591,-1.2020391,1.3817339,22,1.0,6,6,5.0
1.0709591,-1.2020391,1.5020043,22,4.333333333333333,6,26,9.0
-0.93374246,0.8319197,-0.9922979,23,6.0,1,6,2.0
1.0709591,-1.2020391,-0.47461256,23,3.0,1,3,0.0
1.0709591,0.8319197,0.6496536,23,6.0,1,6,9.0
1.0709591,0.8319197,1.674566,23,1.0,1,1,1.0
1.0709591,-1.2020391,-1.175318,24,0.5,4,2,3.0
1.0709591,0.8319197,-1.175318,24,0.5,4,2,6.0
-0.93374246,-1.2020391,-1.1544014,24,3.0,4,12,1.0
1.0709591,-1.2020391,-0.90340245,24,0.0,4,0,9.0
-0.93374246,-1.2020391,-0.90340245,24,0.25,4,1,7.0
-0.93374246,0.8319197,-0.76221555,24,0.5,4,2,3.0
1.0709591,-1.2020391,-0.7360698,24,1.5,4,6,5.0
1.0709591,-1.2020391,-0.600112,24,0.25,4,1,2.0
-0.93374246,-1.2020391,-0.5739663,24,2.25,4,9,6.0
-0.93374246,-1.2020391,-0.47461256,24,2.0,4,8,0.0
-0.93374246,-1.2020391,-0.3648005,24,1.5,4,6,8.0
1.0709591,-1.2020391,-0.19746788,24,0.0,4,0,8.0
-0.93374246,-1.2020391,-0.19746788,24,0.0,4,0,1.0
-0.93374246,-1.2020391,0.1842597,24,1.0,4,4,4.0
1.0709591,-1.2020391,0.28361344,24,0.0,4,0,5.0
-0.93374246,-1.2020391,0.31498832,24,0.75,4,3,3.0
1.0709591,-1.2020391,0.73331994,24,1.25,4,5,4.0
1.0709591,-1.2020391,1.0836726,24,0.0,4,0,2.0
-0.93374246,0.8319197,1.3032967,24,0.0,4,0,5.0
-0.93374246,-1.2020391,1.3974214,24,0.25,4,1,0.0
1.0709591,-1.2020391,1.3974214,24,2.25,4,9,7.0
-0.93374246,-1.2020391,1.5438374,24,3.0,4,12,9.0
-0.93374246,-1.2020391,1.6484203,24,2.0,4,8,4.0
-0.93374246,-1.2020391,-1.4158586,25,3.2,5,16,2.0
1.0709591,-1.2020391,-1.2171512,25,0.2,5,1,3.0
1.0709591,0.8319197,-1.0602767,25,2.4,5,12,0.0
1.0709591,-1.2020391,-0.9713813,25,5.0,5,25,1.0
1.0709591,0.8319197,-0.81450695,25,3.2,5,16,0.0
1.0709591,-1.2020391,-0.68377835,25,4.0,5,20,8.0
1.0709591,0.8319197,-0.5373623,25,4.6,5,23,3.0
1.0709591,-1.2020391,-0.3177382,25,0.4,5,2,9.0
1.0709591,-1.2020391,-0.20792617,25,2.2,5,11,4.0
1.0709591,-1.2020391,-0.13471813,25,2.2,5,11,7.0
1.0709591,0.8319197,-0.08242669,25,0.6,5,3,8.0
1.0709591,0.8319197,0.09013509,25,3.6,5,18,6.0
1.0709591,-1.2020391,0.27315515,25,1.0,5,5,1.0
1.0709591,-1.2020391,0.5450707,25,0.2,5,1,2.0
1.0709591,0.8319197,0.5764456,25,0.2,5,1,7.0
1.0709591,-1.2020391,0.70194507,25,1.6,5,8,5.0
1.0709591,0.8319197,1.5176916,25,0.0,5,0,6.0
1.0709591,-1.2020391,1.5699831,25,2.2,5,11,4.0
1.0709591,-1.2020391,1.6588786,25,2.2,5,11,9.0
1.0709591,-1.2020391,-1.5936495,26,1.4285714285714286,7,10,6.0
1.0709591,-1.2020391,-1.5831913,26,1.4285714285714286,7,10,0.0
1.0709591,-1.2020391,-1.4890667,26,2.4285714285714284,7,17,8.0
1.0709591,0.8319197,-1.4786084,26,2.4285714285714284,7,17,7.0
1.0709591,-1.2020391,-1.4681501,26,2.4285714285714284,7,17,1.0
-0.93374246,0.8319197,-1.4629209,26,0.8571428571428571,7,6,7.0
-0.93374246,-1.2020391,-1.3478798,26,2.7142857142857144,7,19,4.0
1.0709591,0.8319197,-1.2955883,26,0.5714285714285714,7,4,9.0
-0.93374246,0.8319197,-1.28513,26,4.428571428571429,7,31,6.0
-0.93374246,0.8319197,-1.1805471,26,4.428571428571429,7,31,2.0
1.0709591,0.8319197,-1.1491723,26,1.4285714285714286,7,10,0.0
-0.93374246,-1.2020391,-1.1282557,26,3.2857142857142856,7,23,3.0
-0.93374246,0.8319197,-1.1282557,26,3.2857142857142856,7,23,5.0
-0.93374246,0.8319197,-0.9713813,26,2.142857142857143,7,15,4.0
1.0709591,0.8319197,-0.78836125,26,0.0,7,0,5.0
1.0709591,-1.2020391,-0.67854923,26,0.8571428571428571,7,6,3.0
1.0709591,-1.2020391,-0.6419452,26,0.14285714285714285,7,1,8.0
1.0709591,-1.2020391,-0.58965373,26,0.14285714285714285,7,1,6.0
-0.93374246,0.8319197,-0.39617538,26,1.2857142857142858,7,9,2.0
-0.93374246,0.8319197,-0.2340719,26,0.8571428571428571,7,6,1.0
-0.93374246,0.8319197,-0.10334327,26,1.1428571428571428,7,8,8.0
-0.93374246,0.8319197,-0.014447805,26,1.4285714285714286,7,10,5.0
1.0709591,0.8319197,0.25746772,26,0.5714285714285714,7,4,7.0
1.0709591,-1.2020391,0.34113404,26,1.5714285714285714,7,11,5.0
1.0709591,-1.2020391,0.41957122,26,1.2857142857142858,7,9,9.0
1.0709591,-1.2020391,0.5241541,26,2.0,7,14,8.0
-0.93374246,0.8319197,0.72809076,26,1.8571428571428572,7,13,2.0
-0.93374246,0.8319197,1.0470686,26,3.142857142857143,7,22,3.0
-0.93374246,0.8319197,1.2928385,26,1.0,7,7,6.0
-0.93374246,-1.2020391,1.3032967,26,1.0,7,7,9.0
-0.93374246,0.8319197,1.9307941,26,0.7142857142857143,7,5,1.0
-0.93374246,-1.2020391,2.145189,26,2.142857142857143,7,15,4.0
-0.93374246,0.8319197,2.3282092,26,1.4285714285714286,7,10,7.0
1.0709591,-1.2020391,2.3386674,26,0.0,7,0,0.0
